SKU_ID;Periode;Qte_prevue;Methode;WAPE_pct;Biais_pct;Statut;Cycle_ID;Classe
SKU-01;2023-06-01;10584;Moyenne Mobile (3);23.31;-23.31;Alternative;CYC-2023-06;TENDANCIEL
SKU-01;2023-07-01;10584;Moyenne Mobile (3);23.31;-23.31;Alternative;CYC-2023-06;TENDANCIEL
SKU-01;2023-08-01;10584;Moyenne Mobile (3);23.31;-23.31;Alternative;CYC-2023-06;TENDANCIEL
SKU-01;2023-09-01;10584;Moyenne Mobile (3);23.31;-23.31;Alternative;CYC-2023-06;TENDANCIEL
SKU-01;2023-10-01;10584;Moyenne Mobile (3);23.31;-23.31;Alternative;CYC-2023-06;TENDANCIEL
SKU-01;2023-11-01;10584;Moyenne Mobile (3);23.31;-23.31;Alternative;CYC-2023-06;TENDANCIEL
SKU-01;2023-06-01;9040;Lissage Exponentiel;27.08;-27.08;Alternative;CYC-2023-06;TENDANCIEL
SKU-01;2023-07-01;9040;Lissage Exponentiel;27.08;-27.08;Alternative;CYC-2023-06;TENDANCIEL
SKU-01;2023-08-01;9040;Lissage Exponentiel;27.08;-27.08;Alternative;CYC-2023-06;TENDANCIEL
SKU-01;2023-09-01;9040;Lissage Exponentiel;27.08;-27.08;Alternative;CYC-2023-06;TENDANCIEL
SKU-01;2023-10-01;9040;Lissage Exponentiel;27.08;-27.08;Alternative;CYC-2023-06;TENDANCIEL
SKU-01;2023-11-01;9040;Lissage Exponentiel;27.08;-27.08;Alternative;CYC-2023-06;TENDANCIEL
SKU-01;2023-06-01;9940;Holt (Tendance);21.8;-21.8;RETENUE;CYC-2023-06;TENDANCIEL
SKU-01;2023-07-01;10343;Holt (Tendance);21.8;-21.8;RETENUE;CYC-2023-06;TENDANCIEL
SKU-01;2023-08-01;10747;Holt (Tendance);21.8;-21.8;RETENUE;CYC-2023-06;TENDANCIEL
SKU-01;2023-09-01;11150;Holt (Tendance);21.8;-21.8;RETENUE;CYC-2023-06;TENDANCIEL
SKU-01;2023-10-01;11553;Holt (Tendance);21.8;-21.8;RETENUE;CYC-2023-06;TENDANCIEL
SKU-01;2023-11-01;11956;Holt (Tendance);21.8;-21.8;RETENUE;CYC-2023-06;TENDANCIEL
SKU-01;2023-06-01;14009;Holt-Winters (Saison);34.04;-34.04;Alternative;CYC-2023-06;TENDANCIEL
SKU-01;2023-07-01;9958;Holt-Winters (Saison);34.04;-34.04;Alternative;CYC-2023-06;TENDANCIEL
SKU-01;2023-08-01;9650;Holt-Winters (Saison);34.04;-34.04;Alternative;CYC-2023-06;TENDANCIEL
SKU-01;2023-09-01;15080;Holt-Winters (Saison);34.04;-34.04;Alternative;CYC-2023-06;TENDANCIEL
SKU-01;2023-10-01;10700;Holt-Winters (Saison);34.04;-34.04;Alternative;CYC-2023-06;TENDANCIEL
SKU-01;2023-11-01;10352;Holt-Winters (Saison);34.04;-34.04;Alternative;CYC-2023-06;TENDANCIEL
SKU-02;2023-06-01;6980;Moyenne Mobile (3);20.14;-20.14;RETENUE;CYC-2023-06;TENDANCIEL
SKU-02;2023-07-01;6980;Moyenne Mobile (3);20.14;-20.14;RETENUE;CYC-2023-06;TENDANCIEL
SKU-02;2023-08-01;6980;Moyenne Mobile (3);20.14;-20.14;RETENUE;CYC-2023-06;TENDANCIEL
SKU-02;2023-09-01;6980;Moyenne Mobile (3);20.14;-20.14;RETENUE;CYC-2023-06;TENDANCIEL
SKU-02;2023-10-01;6980;Moyenne Mobile (3);20.14;-20.14;RETENUE;CYC-2023-06;TENDANCIEL
SKU-02;2023-11-01;6980;Moyenne Mobile (3);20.14;-20.14;RETENUE;CYC-2023-06;TENDANCIEL
SKU-02;2023-06-01;6131;Lissage Exponentiel;23.09;-23.09;Alternative;CYC-2023-06;TENDANCIEL
SKU-02;2023-07-01;6131;Lissage Exponentiel;23.09;-23.09;Alternative;CYC-2023-06;TENDANCIEL
SKU-02;2023-08-01;6131;Lissage Exponentiel;23.09;-23.09;Alternative;CYC-2023-06;TENDANCIEL
SKU-02;2023-09-01;6131;Lissage Exponentiel;23.09;-23.09;Alternative;CYC-2023-06;TENDANCIEL
SKU-02;2023-10-01;6131;Lissage Exponentiel;23.09;-23.09;Alternative;CYC-2023-06;TENDANCIEL
SKU-02;2023-11-01;6131;Lissage Exponentiel;23.09;-23.09;Alternative;CYC-2023-06;TENDANCIEL
SKU-02;2023-06-01;6489;Holt (Tendance);20.43;-20.43;Alternative;CYC-2023-06;TENDANCIEL
SKU-02;2023-07-01;6666;Holt (Tendance);20.43;-20.43;Alternative;CYC-2023-06;TENDANCIEL
SKU-02;2023-08-01;6842;Holt (Tendance);20.43;-20.43;Alternative;CYC-2023-06;TENDANCIEL
SKU-02;2023-09-01;7018;Holt (Tendance);20.43;-20.43;Alternative;CYC-2023-06;TENDANCIEL
SKU-02;2023-10-01;7195;Holt (Tendance);20.43;-20.43;Alternative;CYC-2023-06;TENDANCIEL
SKU-02;2023-11-01;7371;Holt (Tendance);20.43;-20.43;Alternative;CYC-2023-06;TENDANCIEL
SKU-02;2023-06-01;8574;Holt-Winters (Saison);28.91;-28.91;Alternative;CYC-2023-06;TENDANCIEL
SKU-02;2023-07-01;6698;Holt-Winters (Saison);28.91;-28.91;Alternative;CYC-2023-06;TENDANCIEL
SKU-02;2023-08-01;6428;Holt-Winters (Saison);28.91;-28.91;Alternative;CYC-2023-06;TENDANCIEL
SKU-02;2023-09-01;9109;Holt-Winters (Saison);28.91;-28.91;Alternative;CYC-2023-06;TENDANCIEL
SKU-02;2023-10-01;7107;Holt-Winters (Saison);28.91;-28.91;Alternative;CYC-2023-06;TENDANCIEL
SKU-02;2023-11-01;6813;Holt-Winters (Saison);28.91;-28.91;Alternative;CYC-2023-06;TENDANCIEL
SKU-03;2023-06-01;5072;Moyenne Mobile (3);14.18;-14.18;Alternative;CYC-2023-06;TENDANCIEL
SKU-03;2023-07-01;5072;Moyenne Mobile (3);14.18;-14.18;Alternative;CYC-2023-06;TENDANCIEL
SKU-03;2023-08-01;5072;Moyenne Mobile (3);14.18;-14.18;Alternative;CYC-2023-06;TENDANCIEL
SKU-03;2023-09-01;5072;Moyenne Mobile (3);14.18;-14.18;Alternative;CYC-2023-06;TENDANCIEL
SKU-03;2023-10-01;5072;Moyenne Mobile (3);14.18;-14.18;Alternative;CYC-2023-06;TENDANCIEL
SKU-03;2023-11-01;5072;Moyenne Mobile (3);14.18;-14.18;Alternative;CYC-2023-06;TENDANCIEL
SKU-03;2023-06-01;4764;Lissage Exponentiel;13.2;-13.2;RETENUE;CYC-2023-06;TENDANCIEL
SKU-03;2023-07-01;4764;Lissage Exponentiel;13.2;-13.2;RETENUE;CYC-2023-06;TENDANCIEL
SKU-03;2023-08-01;4764;Lissage Exponentiel;13.2;-13.2;RETENUE;CYC-2023-06;TENDANCIEL
SKU-03;2023-09-01;4764;Lissage Exponentiel;13.2;-13.2;RETENUE;CYC-2023-06;TENDANCIEL
SKU-03;2023-10-01;4764;Lissage Exponentiel;13.2;-13.2;RETENUE;CYC-2023-06;TENDANCIEL
SKU-03;2023-11-01;4764;Lissage Exponentiel;13.2;-13.2;RETENUE;CYC-2023-06;TENDANCIEL
SKU-03;2023-06-01;3145;Holt (Tendance);42.74;-42.74;Alternative;CYC-2023-06;TENDANCIEL
SKU-03;2023-07-01;2641;Holt (Tendance);42.74;-42.74;Alternative;CYC-2023-06;TENDANCIEL
SKU-03;2023-08-01;2136;Holt (Tendance);42.74;-42.74;Alternative;CYC-2023-06;TENDANCIEL
SKU-03;2023-09-01;1631;Holt (Tendance);42.74;-42.74;Alternative;CYC-2023-06;TENDANCIEL
SKU-03;2023-10-01;1126;Holt (Tendance);42.74;-42.74;Alternative;CYC-2023-06;TENDANCIEL
SKU-03;2023-11-01;622;Holt (Tendance);42.74;-42.74;Alternative;CYC-2023-06;TENDANCIEL
SKU-03;2023-06-01;5767;Holt-Winters (Saison);20.34;-20.34;Alternative;CYC-2023-06;TENDANCIEL
SKU-03;2023-07-01;5352;Holt-Winters (Saison);20.34;-20.34;Alternative;CYC-2023-06;TENDANCIEL
SKU-03;2023-08-01;4606;Holt-Winters (Saison);20.34;-20.34;Alternative;CYC-2023-06;TENDANCIEL
SKU-03;2023-09-01;6003;Holt-Winters (Saison);20.34;-20.34;Alternative;CYC-2023-06;TENDANCIEL
SKU-03;2023-10-01;5567;Holt-Winters (Saison);20.34;-20.34;Alternative;CYC-2023-06;TENDANCIEL
SKU-03;2023-11-01;4789;Holt-Winters (Saison);20.34;-20.34;Alternative;CYC-2023-06;TENDANCIEL
SKU-04;2023-06-01;4049;Moyenne Mobile (3);7.18;-7.18;Alternative;CYC-2023-06;STABLE
SKU-04;2023-07-01;4049;Moyenne Mobile (3);7.18;-7.18;Alternative;CYC-2023-06;STABLE
SKU-04;2023-08-01;4049;Moyenne Mobile (3);7.18;-7.18;Alternative;CYC-2023-06;STABLE
SKU-04;2023-09-01;4049;Moyenne Mobile (3);7.18;-7.18;Alternative;CYC-2023-06;STABLE
SKU-04;2023-10-01;4049;Moyenne Mobile (3);7.18;-7.18;Alternative;CYC-2023-06;STABLE
SKU-04;2023-11-01;4049;Moyenne Mobile (3);7.18;-7.18;Alternative;CYC-2023-06;STABLE
SKU-04;2023-06-01;3885;Lissage Exponentiel;6.95;-6.95;RETENUE;CYC-2023-06;STABLE
SKU-04;2023-07-01;3885;Lissage Exponentiel;6.95;-6.95;RETENUE;CYC-2023-06;STABLE
SKU-04;2023-08-01;3885;Lissage Exponentiel;6.95;-6.95;RETENUE;CYC-2023-06;STABLE
SKU-04;2023-09-01;3885;Lissage Exponentiel;6.95;-6.95;RETENUE;CYC-2023-06;STABLE
SKU-04;2023-10-01;3885;Lissage Exponentiel;6.95;-6.95;RETENUE;CYC-2023-06;STABLE
SKU-04;2023-11-01;3885;Lissage Exponentiel;6.95;-6.95;RETENUE;CYC-2023-06;STABLE
SKU-04;2023-06-01;3233;Holt (Tendance);22.15;-22.15;Alternative;CYC-2023-06;STABLE
SKU-04;2023-07-01;3030;Holt (Tendance);22.15;-22.15;Alternative;CYC-2023-06;STABLE
SKU-04;2023-08-01;2828;Holt (Tendance);22.15;-22.15;Alternative;CYC-2023-06;STABLE
SKU-04;2023-09-01;2625;Holt (Tendance);22.15;-22.15;Alternative;CYC-2023-06;STABLE
SKU-04;2023-10-01;2422;Holt (Tendance);22.15;-22.15;Alternative;CYC-2023-06;STABLE
SKU-04;2023-11-01;2219;Holt (Tendance);22.15;-22.15;Alternative;CYC-2023-06;STABLE
SKU-04;2023-06-01;4371;Holt-Winters (Saison);11.28;-11.28;Alternative;CYC-2023-06;STABLE
SKU-04;2023-07-01;4106;Holt-Winters (Saison);11.28;-11.28;Alternative;CYC-2023-06;STABLE
SKU-04;2023-08-01;3806;Holt-Winters (Saison);11.28;-11.28;Alternative;CYC-2023-06;STABLE
SKU-04;2023-09-01;4464;Holt-Winters (Saison);11.28;-11.28;Alternative;CYC-2023-06;STABLE
SKU-04;2023-10-01;4194;Holt-Winters (Saison);11.28;-11.28;Alternative;CYC-2023-06;STABLE
SKU-04;2023-11-01;3886;Holt-Winters (Saison);11.28;-11.28;Alternative;CYC-2023-06;STABLE
SKU-05;2023-06-01;5122;Moyenne Mobile (3);28.59;-21.66;Alternative;CYC-2023-06;TENDANCIEL
SKU-05;2023-07-01;5122;Moyenne Mobile (3);28.59;-21.66;Alternative;CYC-2023-06;TENDANCIEL
SKU-05;2023-08-01;5122;Moyenne Mobile (3);28.59;-21.66;Alternative;CYC-2023-06;TENDANCIEL
SKU-05;2023-09-01;5122;Moyenne Mobile (3);28.59;-21.66;Alternative;CYC-2023-06;TENDANCIEL
SKU-05;2023-10-01;5122;Moyenne Mobile (3);28.59;-21.66;Alternative;CYC-2023-06;TENDANCIEL
SKU-05;2023-11-01;5122;Moyenne Mobile (3);28.59;-21.66;Alternative;CYC-2023-06;TENDANCIEL
SKU-05;2023-06-01;4294;Lissage Exponentiel;25.92;-25.28;RETENUE;CYC-2023-06;TENDANCIEL
SKU-05;2023-07-01;4294;Lissage Exponentiel;25.92;-25.28;RETENUE;CYC-2023-06;TENDANCIEL
SKU-05;2023-08-01;4294;Lissage Exponentiel;25.92;-25.28;RETENUE;CYC-2023-06;TENDANCIEL
SKU-05;2023-09-01;4294;Lissage Exponentiel;25.92;-25.28;RETENUE;CYC-2023-06;TENDANCIEL
SKU-05;2023-10-01;4294;Lissage Exponentiel;25.92;-25.28;RETENUE;CYC-2023-06;TENDANCIEL
SKU-05;2023-11-01;4294;Lissage Exponentiel;25.92;-25.28;RETENUE;CYC-2023-06;TENDANCIEL
SKU-05;2023-06-01;4232;Holt (Tendance);28.59;-28.59;Alternative;CYC-2023-06;TENDANCIEL
SKU-05;2023-07-01;4259;Holt (Tendance);28.59;-28.59;Alternative;CYC-2023-06;TENDANCIEL
SKU-05;2023-08-01;4286;Holt (Tendance);28.59;-28.59;Alternative;CYC-2023-06;TENDANCIEL
SKU-05;2023-09-01;4312;Holt (Tendance);28.59;-28.59;Alternative;CYC-2023-06;TENDANCIEL
SKU-05;2023-10-01;4339;Holt (Tendance);28.59;-28.59;Alternative;CYC-2023-06;TENDANCIEL
SKU-05;2023-11-01;4366;Holt (Tendance);28.59;-28.59;Alternative;CYC-2023-06;TENDANCIEL
SKU-05;2023-06-01;7132;Holt-Winters (Saison);35.29;-35.29;Alternative;CYC-2023-06;TENDANCIEL
SKU-05;2023-07-01;4873;Holt-Winters (Saison);35.29;-35.29;Alternative;CYC-2023-06;TENDANCIEL
SKU-05;2023-08-01;4346;Holt-Winters (Saison);35.29;-35.29;Alternative;CYC-2023-06;TENDANCIEL
SKU-05;2023-09-01;7691;Holt-Winters (Saison);35.29;-35.29;Alternative;CYC-2023-06;TENDANCIEL
SKU-05;2023-10-01;5246;Holt-Winters (Saison);35.29;-35.29;Alternative;CYC-2023-06;TENDANCIEL
SKU-05;2023-11-01;4670;Holt-Winters (Saison);35.29;-35.29;Alternative;CYC-2023-06;TENDANCIEL
