SKU_ID;Mois;Qte_stat;Ajustement;Qte_finale;Cycle_ID;Commentaire
SKU-01;2023-06-01;9940;0;9940;CYC-2023-06;Forecast auto
SKU-01;2023-07-01;10343;0;10343;CYC-2023-06;Forecast auto
SKU-01;2023-08-01;10747;0;10747;CYC-2023-06;Forecast auto
SKU-01;2023-09-01;11150;0;11150;CYC-2023-06;Forecast auto
SKU-01;2023-10-01;11553;0;11553;CYC-2023-06;Forecast auto
SKU-01;2023-11-01;11956;0;11956;CYC-2023-06;Forecast auto
SKU-02;2023-06-01;6980;0;6980;CYC-2023-06;Forecast auto
SKU-02;2023-07-01;6980;0;6980;CYC-2023-06;Forecast auto
SKU-02;2023-08-01;6980;0;6980;CYC-2023-06;Forecast auto
SKU-02;2023-09-01;6980;0;6980;CYC-2023-06;Forecast auto
SKU-02;2023-10-01;6980;0;6980;CYC-2023-06;Forecast auto
SKU-02;2023-11-01;6980;0;6980;CYC-2023-06;Forecast auto
SKU-03;2023-06-01;4764;0;4764;CYC-2023-06;Forecast auto
SKU-03;2023-07-01;4764;0;4764;CYC-2023-06;Forecast auto
SKU-03;2023-08-01;4764;0;4764;CYC-2023-06;Forecast auto
SKU-03;2023-09-01;4764;0;4764;CYC-2023-06;Forecast auto
SKU-03;2023-10-01;4764;0;4764;CYC-2023-06;Forecast auto
SKU-03;2023-11-01;4764;0;4764;CYC-2023-06;Forecast auto
SKU-04;2023-06-01;3885;0;3885;CYC-2023-06;Forecast auto
SKU-04;2023-07-01;3885;0;3885;CYC-2023-06;Forecast auto
SKU-04;2023-08-01;3885;0;3885;CYC-2023-06;Forecast auto
SKU-04;2023-09-01;3885;0;3885;CYC-2023-06;Forecast auto
SKU-04;2023-10-01;3885;0;3885;CYC-2023-06;Forecast auto
SKU-04;2023-11-01;3885;0;3885;CYC-2023-06;Forecast auto
SKU-05;2023-06-01;4294;0;4294;CYC-2023-06;Forecast auto
SKU-05;2023-07-01;4294;0;4294;CYC-2023-06;Forecast auto
SKU-05;2023-08-01;4294;0;4294;CYC-2023-06;Forecast auto
SKU-05;2023-09-01;4294;0;4294;CYC-2023-06;Forecast auto
SKU-05;2023-10-01;4294;0;4294;CYC-2023-06;Forecast auto
SKU-05;2023-11-01;4294;0;4294;CYC-2023-06;Forecast auto
