Plant_ID;Mois;Capacite_normale;Cap_HS_max;Cap_ST_max;Charge;Utilisation_pct;Statut;Cycle_ID
USN-01;2023-06-01;5500;1000;1000;16920;307.6;SURCHARGE;CYC-2023-06
USN-01;2023-07-01;5500;1000;1000;17323;315;SURCHARGE;CYC-2023-06
USN-01;2023-08-01;5500;1000;1000;17727;322.3;SURCHARGE;CYC-2023-06
USN-01;2023-09-01;5500;1000;1000;18130;329.6;SURCHARGE;CYC-2023-06
USN-01;2023-10-01;5500;1000;1000;18533;337;SURCHARGE;CYC-2023-06
USN-01;2023-11-01;5500;1000;1000;18936;344.3;SURCHARGE;CYC-2023-06
USN-02;2023-06-01;4400;800;800;8649;196.6;SURCHARGE;CYC-2023-06
USN-02;2023-07-01;4400;800;800;8649;196.6;SURCHARGE;CYC-2023-06
USN-02;2023-08-01;4400;800;800;8649;196.6;SURCHARGE;CYC-2023-06
USN-02;2023-09-01;4400;800;800;8649;196.6;SURCHARGE;CYC-2023-06
USN-02;2023-10-01;4400;800;800;8649;196.6;SURCHARGE;CYC-2023-06
USN-02;2023-11-01;4400;800;800;8649;196.6;SURCHARGE;CYC-2023-06
USN-03;2023-06-01;2750;375;500;4294;156.1;SURCHARGE;CYC-2023-06
USN-03;2023-07-01;2750;375;500;4294;156.1;SURCHARGE;CYC-2023-06
USN-03;2023-08-01;2750;375;500;4294;156.1;SURCHARGE;CYC-2023-06
USN-03;2023-09-01;2750;375;500;4294;156.1;SURCHARGE;CYC-2023-06
USN-03;2023-10-01;2750;375;500;4294;156.1;SURCHARGE;CYC-2023-06
USN-03;2023-11-01;2750;375;500;4294;156.1;SURCHARGE;CYC-2023-06
