SKU_ID;Mois;Stock_debut;Stock_secu;Production;Livraisons;Stock_fin;DLC_restante_est;Statut;Cycle_ID
SKU-01;2023-06-01;5000;1339;9940;9940;5000;150;OK;CYC-2023-06
SKU-01;2023-07-01;5000;1393;10343;10343;5000;150;OK;CYC-2023-06
SKU-01;2023-08-01;5000;1448;10747;10747;5000;150;OK;CYC-2023-06
SKU-01;2023-09-01;5000;1502;11150;11150;5000;150;OK;CYC-2023-06
SKU-01;2023-10-01;5000;1556;11553;11553;5000;150;OK;CYC-2023-06
SKU-01;2023-11-01;5000;1611;11956;11956;5000;150;OK;CYC-2023-06
SKU-02;2023-06-01;4000;940;6980;6980;4000;120;OK;CYC-2023-06
SKU-02;2023-07-01;4000;940;6980;6980;4000;120;OK;CYC-2023-06
SKU-02;2023-08-01;4000;940;6980;6980;4000;120;OK;CYC-2023-06
SKU-02;2023-09-01;4000;940;6980;6980;4000;120;OK;CYC-2023-06
SKU-02;2023-10-01;4000;940;6980;6980;4000;120;OK;CYC-2023-06
SKU-02;2023-11-01;4000;940;6980;6980;4000;120;OK;CYC-2023-06
SKU-03;2023-06-01;3500;642;4764;4764;3500;90;OK;CYC-2023-06
SKU-03;2023-07-01;3500;642;4764;4764;3500;90;OK;CYC-2023-06
SKU-03;2023-08-01;3500;642;4764;4764;3500;90;OK;CYC-2023-06
SKU-03;2023-09-01;3500;642;4764;4764;3500;90;OK;CYC-2023-06
SKU-03;2023-10-01;3500;642;4764;4764;3500;90;OK;CYC-2023-06
SKU-03;2023-11-01;3500;642;4764;4764;3500;90;OK;CYC-2023-06
SKU-04;2023-06-01;3000;523;3885;3885;3000;90;OK;CYC-2023-06
SKU-04;2023-07-01;3000;523;3885;3885;3000;90;OK;CYC-2023-06
SKU-04;2023-08-01;3000;523;3885;3885;3000;90;OK;CYC-2023-06
SKU-04;2023-09-01;3000;523;3885;3885;3000;90;OK;CYC-2023-06
SKU-04;2023-10-01;3000;523;3885;3885;3000;90;OK;CYC-2023-06
SKU-04;2023-11-01;3000;523;3885;3885;3000;90;OK;CYC-2023-06
SKU-05;2023-06-01;2000;578;4294;4294;2000;60;OK;CYC-2023-06
SKU-05;2023-07-01;2000;578;4294;4294;2000;60;OK;CYC-2023-06
SKU-05;2023-08-01;2000;578;4294;4294;2000;60;OK;CYC-2023-06
SKU-05;2023-09-01;2000;578;4294;4294;2000;60;OK;CYC-2023-06
SKU-05;2023-10-01;2000;578;4294;4294;2000;60;OK;CYC-2023-06
SKU-05;2023-11-01;2000;578;4294;4294;2000;60;OK;CYC-2023-06
