Alert_ID;Type;Criticite;Perimetre;Message;Cycle_ID;Horodatage
ALT-001;SURCHARGE_CAPACITE;ELEVEE;USN-01 / Jun-23;Surcharge: util=307.6%;CYC-2023-06;2026-10-04
ALT-002;SURCHARGE_CAPACITE;ELEVEE;USN-01 / Jul-23;Surcharge: util=315%;CYC-2023-06;2026-10-04
ALT-003;SURCHARGE_CAPACITE;ELEVEE;USN-01 / Aug-23;Surcharge: util=322.3%;CYC-2023-06;2026-10-04
ALT-004;SURCHARGE_CAPACITE;ELEVEE;USN-01 / Sep-23;Surcharge: util=329.6%;CYC-2023-06;2026-10-04
ALT-005;SURCHARGE_CAPACITE;ELEVEE;USN-01 / Oct-23;Surcharge: util=337%;CYC-2023-06;2026-10-04
ALT-006;SURCHARGE_CAPACITE;ELEVEE;USN-01 / Nov-23;Surcharge: util=344.3%;CYC-2023-06;2026-10-04
ALT-007;SURCHARGE_CAPACITE;ELEVEE;USN-02 / Jun-23;Surcharge: util=196.6%;CYC-2023-06;2026-10-04
ALT-008;SURCHARGE_CAPACITE;ELEVEE;USN-02 / Jul-23;Surcharge: util=196.6%;CYC-2023-06;2026-10-04
ALT-009;SURCHARGE_CAPACITE;ELEVEE;USN-02 / Aug-23;Surcharge: util=196.6%;CYC-2023-06;2026-10-04
ALT-010;SURCHARGE_CAPACITE;ELEVEE;USN-02 / Sep-23;Surcharge: util=196.6%;CYC-2023-06;2026-10-04
ALT-011;SURCHARGE_CAPACITE;ELEVEE;USN-02 / Oct-23;Surcharge: util=196.6%;CYC-2023-06;2026-10-04
ALT-012;SURCHARGE_CAPACITE;ELEVEE;USN-02 / Nov-23;Surcharge: util=196.6%;CYC-2023-06;2026-10-04
ALT-013;SURCHARGE_CAPACITE;ELEVEE;USN-03 / Jun-23;Surcharge: util=156.1%;CYC-2023-06;2026-10-04
ALT-014;SURCHARGE_CAPACITE;ELEVEE;USN-03 / Jul-23;Surcharge: util=156.1%;CYC-2023-06;2026-10-04
ALT-015;SURCHARGE_CAPACITE;ELEVEE;USN-03 / Aug-23;Surcharge: util=156.1%;CYC-2023-06;2026-10-04
ALT-016;SURCHARGE_CAPACITE;ELEVEE;USN-03 / Sep-23;Surcharge: util=156.1%;CYC-2023-06;2026-10-04
ALT-017;SURCHARGE_CAPACITE;ELEVEE;USN-03 / Oct-23;Surcharge: util=156.1%;CYC-2023-06;2026-10-04
ALT-018;SURCHARGE_CAPACITE;ELEVEE;USN-03 / Nov-23;Surcharge: util=156.1%;CYC-2023-06;2026-10-04
