Plant_ID;Mois;Besoin_net;Cap_disponible;Gap;Gap_pct;Statut;Cycle_ID
USN-01;2023-06-01;16920;7500;-9420;-125.6;DEFICIT;CYC-2023-06
USN-01;2023-07-01;17323;7500;-9823;-131;DEFICIT;CYC-2023-06
USN-01;2023-08-01;17727;7500;-10227;-136.4;DEFICIT;CYC-2023-06
USN-01;2023-09-01;18130;7500;-10630;-141.7;DEFICIT;CYC-2023-06
USN-01;2023-10-01;18533;7500;-11033;-147.1;DEFICIT;CYC-2023-06
USN-01;2023-11-01;18936;7500;-11436;-152.5;DEFICIT;CYC-2023-06
USN-02;2023-06-01;8649;6000;-2649;-44.2;DEFICIT;CYC-2023-06
USN-02;2023-07-01;8649;6000;-2649;-44.2;DEFICIT;CYC-2023-06
USN-02;2023-08-01;8649;6000;-2649;-44.2;DEFICIT;CYC-2023-06
USN-02;2023-09-01;8649;6000;-2649;-44.2;DEFICIT;CYC-2023-06
USN-02;2023-10-01;8649;6000;-2649;-44.2;DEFICIT;CYC-2023-06
USN-02;2023-11-01;8649;6000;-2649;-44.2;DEFICIT;CYC-2023-06
USN-03;2023-06-01;4294;3625;-669;-18.5;DEFICIT;CYC-2023-06
USN-03;2023-07-01;4294;3625;-669;-18.5;DEFICIT;CYC-2023-06
USN-03;2023-08-01;4294;3625;-669;-18.5;DEFICIT;CYC-2023-06
USN-03;2023-09-01;4294;3625;-669;-18.5;DEFICIT;CYC-2023-06
USN-03;2023-10-01;4294;3625;-669;-18.5;DEFICIT;CYC-2023-06
USN-03;2023-11-01;4294;3625;-669;-18.5;DEFICIT;CYC-2023-06
