"Type";"Plant_ID";"Montant_unit";"Unite_monet"
"HS";"USN-01";"350";"UM"
"HS";"USN-02";"340";"UM"
"HS";"USN-03";"320";"UM"
"ST";"USN-01";"500";"UM"
"ST";"USN-02";"490";"UM"
"ST";"USN-03";"480";"UM"
"Stockage";"USN-01";"12";"UM"
"Stockage";"USN-02";"12";"UM"
"Stockage";"USN-03";"11";"UM"
"Penurie";"USN-01";"800";"UM"
"Penurie";"USN-02";"800";"UM"
"Penurie";"USN-03";"750";"UM"
"Peremption";"USN-01";"200";"UM"
"Peremption";"USN-02";"200";"UM"
"Peremption";"USN-03";"190";"UM"
"Prod";"USN-01";"150";"UM"
"Prod";"USN-02";"145";"UM"
"Prod";"USN-03";"140";"UM"
