"SKU_ID";"Date";"Qte_livree"
"SKU-03";"2023-01-01";"215"
"SKU-04";"2023-01-01";"173"
"SKU-05";"2023-01-01";"67"
"SKU-02";"2023-01-01";"198"
"SKU-01";"2023-01-01";"221"
"SKU-03";"2023-01-02";"145"
"SKU-04";"2023-01-02";"94"
"SKU-05";"2023-01-02";"145"
"SKU-02";"2023-01-02";"127"
"SKU-01";"2023-01-02";"291"
"SKU-03";"2023-01-03";"119"
"SKU-04";"2023-01-03";"150"
"SKU-05";"2023-01-03";"201"
"SKU-02";"2023-01-03";"194"
"SKU-01";"2023-01-03";"262"
"SKU-03";"2023-01-04";"130"
"SKU-04";"2023-01-04";"155"
"SKU-05";"2023-01-04";"157"
"SKU-02";"2023-01-04";"143"
"SKU-01";"2023-01-04";"237"
"SKU-03";"2023-01-05";"209"
"SKU-04";"2023-01-05";"183"
"SKU-05";"2023-01-05";"110"
"SKU-02";"2023-01-05";"135"
"SKU-01";"2023-01-05";"304"
"SKU-03";"2023-01-08";"185"
"SKU-04";"2023-01-08";"217"
"SKU-05";"2023-01-08";"51"
"SKU-02";"2023-01-08";"252"
"SKU-01";"2023-01-08";"234"
"SKU-03";"2023-01-09";"141"
"SKU-04";"2023-01-09";"89"
"SKU-05";"2023-01-09";"136"
"SKU-02";"2023-01-09";"187"
"SKU-01";"2023-01-09";"232"
"SKU-03";"2023-01-10";"223"
"SKU-04";"2023-01-10";"132"
"SKU-05";"2023-01-10";"142"
"SKU-02";"2023-01-10";"185"
"SKU-01";"2023-01-10";"178"
"SKU-03";"2023-01-11";"214"
"SKU-04";"2023-01-11";"147"
"SKU-05";"2023-01-11";"107"
"SKU-02";"2023-01-11";"214"
"SKU-01";"2023-01-11";"244"
"SKU-03";"2023-01-12";"211"
"SKU-04";"2023-01-12";"163"
"SKU-05";"2023-01-12";"159"
"SKU-02";"2023-01-12";"172"
"SKU-01";"2023-01-12";"274"
"SKU-03";"2023-01-15";"209"
"SKU-04";"2023-01-15";"257"
"SKU-05";"2023-01-15";"145"
"SKU-02";"2023-01-15";"173"
"SKU-01";"2023-01-15";"313"
"SKU-03";"2023-01-16";"217"
"SKU-04";"2023-01-16";"191"
"SKU-05";"2023-01-16";"184"
"SKU-02";"2023-01-16";"214"
"SKU-01";"2023-01-16";"291"
"SKU-03";"2023-01-17";"149"
"SKU-04";"2023-01-17";"177"
"SKU-05";"2023-01-17";"171"
"SKU-02";"2023-01-17";"170"
"SKU-01";"2023-01-17";"258"
"SKU-03";"2023-01-18";"151"
"SKU-04";"2023-01-18";"179"
"SKU-05";"2023-01-18";"127"
"SKU-02";"2023-01-18";"154"
"SKU-01";"2023-01-18";"285"
"SKU-03";"2023-01-19";"268"
"SKU-04";"2023-01-19";"194"
"SKU-05";"2023-01-19";"112"
"SKU-02";"2023-01-19";"152"
"SKU-01";"2023-01-19";"270"
"SKU-03";"2023-01-22";"175"
"SKU-04";"2023-01-22";"168"
"SKU-05";"2023-01-22";"156"
"SKU-02";"2023-01-22";"208"
"SKU-01";"2023-01-22";"258"
"SKU-03";"2023-01-23";"106"
"SKU-04";"2023-01-23";"160"
"SKU-05";"2023-01-23";"50"
"SKU-02";"2023-01-23";"226"
"SKU-01";"2023-01-23";"223"
"SKU-03";"2023-01-24";"291"
"SKU-04";"2023-01-24";"129"
"SKU-05";"2023-01-24";"199"
"SKU-02";"2023-01-24";"173"
"SKU-01";"2023-01-24";"195"
"SKU-03";"2023-01-25";"252"
"SKU-04";"2023-01-25";"154"
"SKU-05";"2023-01-25";"114"
"SKU-02";"2023-01-25";"148"
"SKU-01";"2023-01-25";"282"
"SKU-03";"2023-01-26";"140"
"SKU-04";"2023-01-26";"202"
"SKU-05";"2023-01-26";"121"
"SKU-02";"2023-01-26";"250"
"SKU-01";"2023-01-26";"293"
"SKU-03";"2023-01-29";"246"
"SKU-04";"2023-01-29";"141"
"SKU-05";"2023-01-29";"108"
"SKU-02";"2023-01-29";"181"
"SKU-01";"2023-01-29";"298"
"SKU-03";"2023-01-30";"140"
"SKU-04";"2023-01-30";"138"
"SKU-05";"2023-01-30";"147"
"SKU-02";"2023-01-30";"235"
"SKU-01";"2023-01-30";"248"
"SKU-03";"2023-01-31";"241"
"SKU-04";"2023-01-31";"238"
"SKU-05";"2023-01-31";"163"
"SKU-02";"2023-01-31";"262"
"SKU-01";"2023-01-31";"261"
"SKU-03";"2023-02-01";"131"
"SKU-04";"2023-02-01";"164"
"SKU-05";"2023-02-01";"231"
"SKU-02";"2023-02-01";"245"
"SKU-01";"2023-02-01";"243"
"SKU-03";"2023-02-02";"164"
"SKU-04";"2023-02-02";"174"
"SKU-05";"2023-02-02";"60"
"SKU-02";"2023-02-02";"239"
"SKU-01";"2023-02-02";"308"
"SKU-03";"2023-02-05";"198"
"SKU-04";"2023-02-05";"192"
"SKU-05";"2023-02-05";"186"
"SKU-02";"2023-02-05";"178"
"SKU-01";"2023-02-05";"278"
"SKU-03";"2023-02-06";"206"
"SKU-04";"2023-02-06";"215"
"SKU-05";"2023-02-06";"91"
"SKU-02";"2023-02-06";"244"
"SKU-01";"2023-02-06";"335"
"SKU-03";"2023-02-07";"204"
"SKU-04";"2023-02-07";"191"
"SKU-05";"2023-02-07";"186"
"SKU-02";"2023-02-07";"252"
"SKU-01";"2023-02-07";"302"
"SKU-03";"2023-02-08";"252"
"SKU-04";"2023-02-08";"165"
"SKU-05";"2023-02-08";"81"
"SKU-02";"2023-02-08";"308"
"SKU-01";"2023-02-08";"340"
"SKU-03";"2023-02-09";"161"
"SKU-04";"2023-02-09";"168"
"SKU-05";"2023-02-09";"156"
"SKU-02";"2023-02-09";"183"
"SKU-01";"2023-02-09";"286"
"SKU-03";"2023-02-12";"159"
"SKU-04";"2023-02-12";"160"
"SKU-05";"2023-02-12";"229"
"SKU-02";"2023-02-12";"220"
"SKU-01";"2023-02-12";"354"
"SKU-03";"2023-02-13";"122"
"SKU-04";"2023-02-13";"214"
"SKU-05";"2023-02-13";"207"
"SKU-02";"2023-02-13";"166"
"SKU-01";"2023-02-13";"268"
"SKU-03";"2023-02-14";"218"
"SKU-04";"2023-02-14";"141"
"SKU-05";"2023-02-14";"109"
"SKU-02";"2023-02-14";"206"
"SKU-01";"2023-02-14";"322"
"SKU-03";"2023-02-15";"185"
"SKU-04";"2023-02-15";"120"
"SKU-05";"2023-02-15";"167"
"SKU-02";"2023-02-15";"165"
"SKU-01";"2023-02-15";"207"
"SKU-03";"2023-02-16";"173"
"SKU-04";"2023-02-16";"215"
"SKU-05";"2023-02-16";"140"
"SKU-02";"2023-02-16";"173"
"SKU-01";"2023-02-16";"276"
"SKU-03";"2023-02-19";"148"
"SKU-04";"2023-02-19";"148"
"SKU-05";"2023-02-19";"196"
"SKU-02";"2023-02-19";"224"
"SKU-01";"2023-02-19";"254"
"SKU-03";"2023-02-20";"182"
"SKU-04";"2023-02-20";"239"
"SKU-05";"2023-02-20";"125"
"SKU-02";"2023-02-20";"317"
"SKU-01";"2023-02-20";"373"
"SKU-03";"2023-02-21";"220"
"SKU-04";"2023-02-21";"155"
"SKU-05";"2023-02-21";"147"
"SKU-02";"2023-02-21";"180"
"SKU-01";"2023-02-21";"287"
"SKU-03";"2023-02-22";"117"
"SKU-04";"2023-02-22";"113"
"SKU-05";"2023-02-22";"123"
"SKU-02";"2023-02-22";"247"
"SKU-01";"2023-02-22";"319"
"SKU-03";"2023-02-23";"144"
"SKU-04";"2023-02-23";"170"
"SKU-05";"2023-02-23";"75"
"SKU-02";"2023-02-23";"285"
"SKU-01";"2023-02-23";"331"
"SKU-03";"2023-02-26";"128"
"SKU-04";"2023-02-26";"184"
"SKU-05";"2023-02-26";"125"
"SKU-02";"2023-02-26";"235"
"SKU-01";"2023-02-26";"395"
"SKU-03";"2023-02-27";"188"
"SKU-04";"2023-02-27";"251"
"SKU-05";"2023-02-27";"187"
"SKU-02";"2023-02-27";"288"
"SKU-01";"2023-02-27";"296"
"SKU-03";"2023-02-28";"282"
"SKU-04";"2023-02-28";"143"
"SKU-05";"2023-02-28";"128"
"SKU-02";"2023-02-28";"165"
"SKU-01";"2023-02-28";"426"
"SKU-03";"2023-03-01";"240"
"SKU-04";"2023-03-01";"117"
"SKU-05";"2023-03-01";"342"
"SKU-02";"2023-03-01";"223"
"SKU-01";"2023-03-01";"340"
"SKU-03";"2023-03-02";"286"
"SKU-04";"2023-03-02";"197"
"SKU-05";"2023-03-02";"144"
"SKU-02";"2023-03-02";"153"
"SKU-01";"2023-03-02";"462"
"SKU-03";"2023-03-05";"130"
"SKU-04";"2023-03-05";"241"
"SKU-05";"2023-03-05";"166"
"SKU-02";"2023-03-05";"320"
"SKU-01";"2023-03-05";"476"
"SKU-03";"2023-03-06";"366"
"SKU-04";"2023-03-06";"183"
"SKU-05";"2023-03-06";"308"
"SKU-02";"2023-03-06";"367"
"SKU-01";"2023-03-06";"438"
"SKU-03";"2023-03-07";"302"
"SKU-04";"2023-03-07";"123"
"SKU-05";"2023-03-07";"297"
"SKU-02";"2023-03-07";"305"
"SKU-01";"2023-03-07";"373"
"SKU-03";"2023-03-08";"225"
"SKU-04";"2023-03-08";"256"
"SKU-05";"2023-03-08";"283"
"SKU-02";"2023-03-08";"245"
"SKU-01";"2023-03-08";"435"
"SKU-03";"2023-03-09";"207"
"SKU-04";"2023-03-09";"175"
"SKU-05";"2023-03-09";"195"
"SKU-02";"2023-03-09";"179"
"SKU-01";"2023-03-09";"264"
"SKU-03";"2023-03-12";"231"
"SKU-04";"2023-03-12";"175"
"SKU-05";"2023-03-12";"259"
"SKU-02";"2023-03-12";"331"
"SKU-01";"2023-03-12";"326"
"SKU-03";"2023-03-13";"241"
"SKU-04";"2023-03-13";"221"
"SKU-05";"2023-03-13";"166"
"SKU-02";"2023-03-13";"272"
"SKU-01";"2023-03-13";"473"
"SKU-03";"2023-03-14";"223"
"SKU-04";"2023-03-14";"240"
"SKU-05";"2023-03-14";"146"
"SKU-02";"2023-03-14";"337"
"SKU-01";"2023-03-14";"257"
"SKU-03";"2023-03-15";"162"
"SKU-04";"2023-03-15";"190"
"SKU-05";"2023-03-15";"215"
"SKU-02";"2023-03-15";"241"
"SKU-01";"2023-03-15";"400"
"SKU-03";"2023-03-16";"131"
"SKU-04";"2023-03-16";"200"
"SKU-05";"2023-03-16";"265"
"SKU-02";"2023-03-16";"336"
"SKU-01";"2023-03-16";"471"
"SKU-03";"2023-03-19";"202"
"SKU-04";"2023-03-19";"151"
"SKU-05";"2023-03-19";"288"
"SKU-02";"2023-03-19";"318"
"SKU-01";"2023-03-19";"322"
"SKU-03";"2023-03-20";"172"
"SKU-04";"2023-03-20";"196"
"SKU-05";"2023-03-20";"178"
"SKU-02";"2023-03-20";"262"
"SKU-01";"2023-03-20";"546"
"SKU-03";"2023-03-21";"170"
"SKU-04";"2023-03-21";"212"
"SKU-05";"2023-03-21";"257"
"SKU-02";"2023-03-21";"192"
"SKU-01";"2023-03-21";"523"
"SKU-03";"2023-03-22";"236"
"SKU-04";"2023-03-22";"206"
"SKU-05";"2023-03-22";"338"
"SKU-02";"2023-03-22";"276"
"SKU-01";"2023-03-22";"523"
"SKU-03";"2023-03-23";"145"
"SKU-04";"2023-03-23";"132"
"SKU-05";"2023-03-23";"239"
"SKU-02";"2023-03-23";"270"
"SKU-01";"2023-03-23";"443"
"SKU-03";"2023-03-26";"272"
"SKU-04";"2023-03-26";"190"
"SKU-05";"2023-03-26";"209"
"SKU-02";"2023-03-26";"315"
"SKU-01";"2023-03-26";"532"
"SKU-03";"2023-03-27";"194"
"SKU-04";"2023-03-27";"224"
"SKU-05";"2023-03-27";"267"
"SKU-02";"2023-03-27";"323"
"SKU-01";"2023-03-27";"432"
"SKU-03";"2023-03-28";"358"
"SKU-04";"2023-03-28";"229"
"SKU-05";"2023-03-28";"167"
"SKU-02";"2023-03-28";"355"
"SKU-01";"2023-03-28";"498"
"SKU-03";"2023-03-29";"187"
"SKU-04";"2023-03-29";"140"
"SKU-05";"2023-03-29";"111"
"SKU-02";"2023-03-29";"346"
"SKU-01";"2023-03-29";"467"
"SKU-03";"2023-03-30";"246"
"SKU-04";"2023-03-30";"151"
"SKU-05";"2023-03-30";"267"
"SKU-02";"2023-03-30";"337"
"SKU-01";"2023-03-30";"542"
"SKU-03";"2023-04-02";"335"
"SKU-04";"2023-04-02";"201"
"SKU-05";"2023-04-02";"215"
"SKU-02";"2023-04-02";"441"
"SKU-01";"2023-04-02";"592"
"SKU-03";"2023-04-03";"181"
"SKU-04";"2023-04-03";"245"
"SKU-05";"2023-04-03";"235"
"SKU-02";"2023-04-03";"537"
"SKU-01";"2023-04-03";"607"
"SKU-03";"2023-04-04";"340"
"SKU-04";"2023-04-04";"237"
"SKU-05";"2023-04-04";"425"
"SKU-02";"2023-04-04";"489"
"SKU-01";"2023-04-04";"630"
"SKU-03";"2023-04-05";"267"
"SKU-04";"2023-04-05";"181"
"SKU-05";"2023-04-05";"222"
"SKU-02";"2023-04-05";"365"
"SKU-01";"2023-04-05";"685"
"SKU-03";"2023-04-06";"278"
"SKU-04";"2023-04-06";"247"
"SKU-05";"2023-04-06";"441"
"SKU-02";"2023-04-06";"450"
"SKU-01";"2023-04-06";"442"
"SKU-03";"2023-04-09";"231"
"SKU-04";"2023-04-09";"187"
"SKU-05";"2023-04-09";"366"
"SKU-02";"2023-04-09";"364"
"SKU-01";"2023-04-09";"645"
"SKU-03";"2023-04-10";"274"
"SKU-04";"2023-04-10";"172"
"SKU-05";"2023-04-10";"287"
"SKU-02";"2023-04-10";"320"
"SKU-01";"2023-04-10";"475"
"SKU-03";"2023-04-11";"189"
"SKU-04";"2023-04-11";"94"
"SKU-05";"2023-04-11";"313"
"SKU-02";"2023-04-11";"283"
"SKU-01";"2023-04-11";"595"
"SKU-03";"2023-04-12";"321"
"SKU-04";"2023-04-12";"194"
"SKU-05";"2023-04-12";"241"
"SKU-02";"2023-04-12";"326"
"SKU-01";"2023-04-12";"764"
"SKU-03";"2023-04-13";"234"
"SKU-04";"2023-04-13";"222"
"SKU-05";"2023-04-13";"406"
"SKU-02";"2023-04-13";"513"
"SKU-01";"2023-04-13";"518"
"SKU-03";"2023-04-16";"152"
"SKU-04";"2023-04-16";"260"
"SKU-05";"2023-04-16";"255"
"SKU-02";"2023-04-16";"324"
"SKU-01";"2023-04-16";"664"
"SKU-03";"2023-04-17";"184"
"SKU-04";"2023-04-17";"265"
"SKU-05";"2023-04-17";"263"
"SKU-02";"2023-04-17";"388"
"SKU-01";"2023-04-17";"642"
"SKU-03";"2023-04-18";"271"
"SKU-04";"2023-04-18";"235"
"SKU-05";"2023-04-18";"247"
"SKU-02";"2023-04-18";"383"
"SKU-01";"2023-04-18";"411"
"SKU-03";"2023-04-19";"265"
"SKU-04";"2023-04-19";"169"
"SKU-05";"2023-04-19";"258"
"SKU-02";"2023-04-19";"348"
"SKU-01";"2023-04-19";"462"
"SKU-03";"2023-04-20";"161"
"SKU-04";"2023-04-20";"67"
"SKU-05";"2023-04-20";"402"
"SKU-02";"2023-04-20";"366"
"SKU-01";"2023-04-20";"523"
"SKU-03";"2023-04-23";"238"
"SKU-04";"2023-04-23";"178"
"SKU-05";"2023-04-23";"316"
"SKU-02";"2023-04-23";"303"
"SKU-01";"2023-04-23";"534"
"SKU-03";"2023-04-24";"139"
"SKU-04";"2023-04-24";"198"
"SKU-05";"2023-04-24";"300"
"SKU-02";"2023-04-24";"469"
"SKU-01";"2023-04-24";"630"
"SKU-03";"2023-04-25";"279"
"SKU-04";"2023-04-25";"276"
"SKU-05";"2023-04-25";"305"
"SKU-02";"2023-04-25";"359"
"SKU-01";"2023-04-25";"475"
"SKU-03";"2023-04-26";"346"
"SKU-04";"2023-04-26";"217"
"SKU-05";"2023-04-26";"403"
"SKU-02";"2023-04-26";"168"
"SKU-01";"2023-04-26";"635"
"SKU-03";"2023-04-27";"327"
"SKU-04";"2023-04-27";"222"
"SKU-05";"2023-04-27";"110"
"SKU-02";"2023-04-27";"415"
"SKU-01";"2023-04-27";"575"
"SKU-03";"2023-04-30";"233"
"SKU-04";"2023-04-30";"250"
"SKU-05";"2023-04-30";"417"
"SKU-02";"2023-04-30";"402"
"SKU-01";"2023-04-30";"591"
"SKU-03";"2023-05-01";"286"
"SKU-04";"2023-05-01";"166"
"SKU-05";"2023-05-01";"196"
"SKU-02";"2023-05-01";"161"
"SKU-01";"2023-05-01";"466"
"SKU-03";"2023-05-02";"217"
"SKU-04";"2023-05-02";"201"
"SKU-05";"2023-05-02";"218"
"SKU-02";"2023-05-02";"308"
"SKU-01";"2023-05-02";"466"
"SKU-03";"2023-05-03";"227"
"SKU-04";"2023-05-03";"152"
"SKU-05";"2023-05-03";"288"
"SKU-02";"2023-05-03";"321"
"SKU-01";"2023-05-03";"495"
"SKU-03";"2023-05-04";"192"
"SKU-04";"2023-05-04";"195"
"SKU-05";"2023-05-04";"243"
"SKU-02";"2023-05-04";"324"
"SKU-01";"2023-05-04";"353"
"SKU-03";"2023-05-07";"206"
"SKU-04";"2023-05-07";"211"
"SKU-05";"2023-05-07";"103"
"SKU-02";"2023-05-07";"230"
"SKU-01";"2023-05-07";"551"
"SKU-03";"2023-05-08";"150"
"SKU-04";"2023-05-08";"224"
"SKU-05";"2023-05-08";"220"
"SKU-02";"2023-05-08";"249"
"SKU-01";"2023-05-08";"291"
"SKU-03";"2023-05-09";"146"
"SKU-04";"2023-05-09";"128"
"SKU-05";"2023-05-09";"161"
"SKU-02";"2023-05-09";"290"
"SKU-01";"2023-05-09";"323"
"SKU-03";"2023-05-10";"178"
"SKU-04";"2023-05-10";"193"
"SKU-05";"2023-05-10";"130"
"SKU-02";"2023-05-10";"276"
"SKU-01";"2023-05-10";"474"
"SKU-03";"2023-05-11";"249"
"SKU-04";"2023-05-11";"164"
"SKU-05";"2023-05-11";"321"
"SKU-02";"2023-05-11";"249"
"SKU-01";"2023-05-11";"363"
"SKU-03";"2023-05-14";"208"
"SKU-04";"2023-05-14";"170"
"SKU-05";"2023-05-14";"151"
"SKU-02";"2023-05-14";"207"
"SKU-01";"2023-05-14";"500"
"SKU-03";"2023-05-15";"183"
"SKU-04";"2023-05-15";"221"
"SKU-05";"2023-05-15";"155"
"SKU-02";"2023-05-15";"233"
"SKU-01";"2023-05-15";"422"
"SKU-03";"2023-05-16";"222"
"SKU-04";"2023-05-16";"133"
"SKU-05";"2023-05-16";"202"
"SKU-02";"2023-05-16";"274"
"SKU-01";"2023-05-16";"402"
"SKU-03";"2023-05-17";"243"
"SKU-04";"2023-05-17";"283"
"SKU-05";"2023-05-17";"188"
"SKU-02";"2023-05-17";"308"
"SKU-01";"2023-05-17";"437"
"SKU-03";"2023-05-18";"177"
"SKU-04";"2023-05-18";"155"
"SKU-05";"2023-05-18";"217"
"SKU-02";"2023-05-18";"243"
"SKU-01";"2023-05-18";"249"
"SKU-03";"2023-05-21";"292"
"SKU-04";"2023-05-21";"168"
"SKU-05";"2023-05-21";"157"
"SKU-02";"2023-05-21";"284"
"SKU-01";"2023-05-21";"384"
"SKU-03";"2023-05-22";"417"
"SKU-04";"2023-05-22";"187"
"SKU-05";"2023-05-22";"200"
"SKU-02";"2023-05-22";"333"
"SKU-01";"2023-05-22";"354"
"SKU-03";"2023-05-23";"170"
"SKU-04";"2023-05-23";"98"
"SKU-05";"2023-05-23";"215"
"SKU-02";"2023-05-23";"152"
"SKU-01";"2023-05-23";"370"
"SKU-03";"2023-05-24";"201"
"SKU-04";"2023-05-24";"142"
"SKU-05";"2023-05-24";"219"
"SKU-02";"2023-05-24";"247"
"SKU-01";"2023-05-24";"442"
"SKU-03";"2023-05-25";"268"
"SKU-04";"2023-05-25";"169"
"SKU-05";"2023-05-25";"204"
"SKU-02";"2023-05-25";"298"
"SKU-01";"2023-05-25";"436"
"SKU-03";"2023-05-28";"237"
"SKU-04";"2023-05-28";"142"
"SKU-05";"2023-05-28";"232"
"SKU-02";"2023-05-28";"336"
"SKU-01";"2023-05-28";"350"
"SKU-03";"2023-05-29";"164"
"SKU-04";"2023-05-29";"161"
"SKU-05";"2023-05-29";"82"
"SKU-02";"2023-05-29";"280"
"SKU-01";"2023-05-29";"453"
"SKU-03";"2023-05-30";"250"
"SKU-04";"2023-05-30";"236"
"SKU-05";"2023-05-30";"107"
"SKU-02";"2023-05-30";"369"
"SKU-01";"2023-05-30";"450"
"SKU-03";"2023-05-31";"184"
"SKU-04";"2023-05-31";"189"
"SKU-05";"2023-05-31";"283"
"SKU-02";"2023-05-31";"286"
"SKU-01";"2023-05-31";"376"
"SKU-03";"2023-06-01";"219"
"SKU-04";"2023-06-01";"254"
"SKU-05";"2023-06-01";"236"
"SKU-02";"2023-06-01";"274"
"SKU-01";"2023-06-01";"461"
"SKU-03";"2023-06-04";"240"
"SKU-04";"2023-06-04";"161"
"SKU-05";"2023-06-04";"239"
"SKU-02";"2023-06-04";"344"
"SKU-01";"2023-06-04";"450"
"SKU-03";"2023-06-05";"266"
"SKU-04";"2023-06-05";"119"
"SKU-05";"2023-06-05";"128"
"SKU-02";"2023-06-05";"288"
"SKU-01";"2023-06-05";"463"
"SKU-03";"2023-06-06";"154"
"SKU-04";"2023-06-06";"97"
"SKU-05";"2023-06-06";"305"
"SKU-02";"2023-06-06";"288"
"SKU-01";"2023-06-06";"492"
"SKU-03";"2023-06-07";"271"
"SKU-04";"2023-06-07";"127"
"SKU-05";"2023-06-07";"132"
"SKU-02";"2023-06-07";"341"
"SKU-01";"2023-06-07";"515"
"SKU-03";"2023-06-08";"200"
"SKU-04";"2023-06-08";"208"
"SKU-05";"2023-06-08";"207"
"SKU-02";"2023-06-08";"292"
"SKU-01";"2023-06-08";"437"
"SKU-03";"2023-06-11";"213"
"SKU-04";"2023-06-11";"150"
"SKU-05";"2023-06-11";"136"
"SKU-02";"2023-06-11";"365"
"SKU-01";"2023-06-11";"546"
"SKU-03";"2023-06-12";"240"
"SKU-04";"2023-06-12";"114"
"SKU-05";"2023-06-12";"184"
"SKU-02";"2023-06-12";"271"
"SKU-01";"2023-06-12";"588"
"SKU-03";"2023-06-13";"231"
"SKU-04";"2023-06-13";"245"
"SKU-05";"2023-06-13";"184"
"SKU-02";"2023-06-13";"262"
"SKU-01";"2023-06-13";"498"
"SKU-03";"2023-06-14";"137"
"SKU-04";"2023-06-14";"121"
"SKU-05";"2023-06-14";"129"
"SKU-02";"2023-06-14";"238"
"SKU-01";"2023-06-14";"696"
"SKU-03";"2023-06-15";"254"
"SKU-04";"2023-06-15";"111"
"SKU-05";"2023-06-15";"226"
"SKU-02";"2023-06-15";"344"
"SKU-01";"2023-06-15";"319"
"SKU-03";"2023-06-18";"185"
"SKU-04";"2023-06-18";"171"
"SKU-05";"2023-06-18";"254"
"SKU-02";"2023-06-18";"253"
"SKU-01";"2023-06-18";"474"
"SKU-03";"2023-06-19";"325"
"SKU-04";"2023-06-19";"211"
"SKU-05";"2023-06-19";"141"
"SKU-02";"2023-06-19";"241"
"SKU-01";"2023-06-19";"409"
"SKU-03";"2023-06-20";"304"
"SKU-04";"2023-06-20";"154"
"SKU-05";"2023-06-20";"189"
"SKU-02";"2023-06-20";"258"
"SKU-01";"2023-06-20";"424"
"SKU-03";"2023-06-21";"234"
"SKU-04";"2023-06-21";"129"
"SKU-05";"2023-06-21";"155"
"SKU-02";"2023-06-21";"367"
"SKU-01";"2023-06-21";"466"
"SKU-03";"2023-06-22";"236"
"SKU-04";"2023-06-22";"160"
"SKU-05";"2023-06-22";"241"
"SKU-02";"2023-06-22";"259"
"SKU-01";"2023-06-22";"588"
"SKU-03";"2023-06-25";"138"
"SKU-04";"2023-06-25";"235"
"SKU-05";"2023-06-25";"216"
"SKU-02";"2023-06-25";"232"
"SKU-01";"2023-06-25";"549"
"SKU-03";"2023-06-26";"375"
"SKU-04";"2023-06-26";"276"
"SKU-05";"2023-06-26";"322"
"SKU-02";"2023-06-26";"334"
"SKU-01";"2023-06-26";"575"
"SKU-03";"2023-06-27";"199"
"SKU-04";"2023-06-27";"194"
"SKU-05";"2023-06-27";"98"
"SKU-02";"2023-06-27";"300"
"SKU-01";"2023-06-27";"265"
"SKU-03";"2023-06-28";"203"
"SKU-04";"2023-06-28";"170"
"SKU-05";"2023-06-28";"239"
"SKU-02";"2023-06-28";"339"
"SKU-01";"2023-06-28";"492"
"SKU-03";"2023-06-29";"237"
"SKU-04";"2023-06-29";"234"
"SKU-05";"2023-06-29";"140"
"SKU-02";"2023-06-29";"320"
"SKU-01";"2023-06-29";"501"
"SKU-03";"2023-07-02";"311"
"SKU-04";"2023-07-02";"128"
"SKU-05";"2023-07-02";"193"
"SKU-02";"2023-07-02";"334"
"SKU-01";"2023-07-02";"466"
"SKU-03";"2023-07-03";"277"
"SKU-04";"2023-07-03";"211"
"SKU-05";"2023-07-03";"316"
"SKU-02";"2023-07-03";"273"
"SKU-01";"2023-07-03";"457"
"SKU-03";"2023-07-04";"266"
"SKU-04";"2023-07-04";"145"
"SKU-05";"2023-07-04";"266"
"SKU-02";"2023-07-04";"285"
"SKU-01";"2023-07-04";"450"
"SKU-03";"2023-07-05";"241"
"SKU-04";"2023-07-05";"162"
"SKU-05";"2023-07-05";"403"
"SKU-02";"2023-07-05";"418"
"SKU-01";"2023-07-05";"558"
"SKU-03";"2023-07-06";"183"
"SKU-04";"2023-07-06";"223"
"SKU-05";"2023-07-06";"237"
"SKU-02";"2023-07-06";"225"
"SKU-01";"2023-07-06";"640"
"SKU-03";"2023-07-09";"372"
"SKU-04";"2023-07-09";"217"
"SKU-05";"2023-07-09";"204"
"SKU-02";"2023-07-09";"347"
"SKU-01";"2023-07-09";"439"
"SKU-03";"2023-07-10";"238"
"SKU-04";"2023-07-10";"114"
"SKU-05";"2023-07-10";"243"
"SKU-02";"2023-07-10";"185"
"SKU-01";"2023-07-10";"485"
"SKU-03";"2023-07-11";"311"
"SKU-04";"2023-07-11";"250"
"SKU-05";"2023-07-11";"169"
"SKU-02";"2023-07-11";"264"
"SKU-01";"2023-07-11";"520"
"SKU-03";"2023-07-12";"218"
"SKU-04";"2023-07-12";"121"
"SKU-05";"2023-07-12";"270"
"SKU-02";"2023-07-12";"367"
"SKU-01";"2023-07-12";"375"
"SKU-03";"2023-07-13";"242"
"SKU-04";"2023-07-13";"192"
"SKU-05";"2023-07-13";"180"
"SKU-02";"2023-07-13";"296"
"SKU-01";"2023-07-13";"585"
"SKU-03";"2023-07-16";"291"
"SKU-04";"2023-07-16";"144"
"SKU-05";"2023-07-16";"190"
"SKU-02";"2023-07-16";"396"
"SKU-01";"2023-07-16";"580"
"SKU-03";"2023-07-17";"269"
"SKU-04";"2023-07-17";"177"
"SKU-05";"2023-07-17";"145"
"SKU-02";"2023-07-17";"204"
"SKU-01";"2023-07-17";"439"
"SKU-03";"2023-07-18";"326"
"SKU-04";"2023-07-18";"167"
"SKU-05";"2023-07-18";"255"
"SKU-02";"2023-07-18";"277"
"SKU-01";"2023-07-18";"471"
"SKU-03";"2023-07-19";"273"
"SKU-04";"2023-07-19";"187"
"SKU-05";"2023-07-19";"200"
"SKU-02";"2023-07-19";"272"
"SKU-01";"2023-07-19";"499"
"SKU-03";"2023-07-20";"302"
"SKU-04";"2023-07-20";"263"
"SKU-05";"2023-07-20";"281"
"SKU-02";"2023-07-20";"391"
"SKU-01";"2023-07-20";"397"
"SKU-03";"2023-07-23";"205"
"SKU-04";"2023-07-23";"157"
"SKU-05";"2023-07-23";"266"
"SKU-02";"2023-07-23";"364"
"SKU-01";"2023-07-23";"614"
"SKU-03";"2023-07-24";"228"
"SKU-04";"2023-07-24";"216"
"SKU-05";"2023-07-24";"205"
"SKU-02";"2023-07-24";"223"
"SKU-01";"2023-07-24";"630"
"SKU-03";"2023-07-25";"384"
"SKU-04";"2023-07-25";"200"
"SKU-05";"2023-07-25";"280"
"SKU-02";"2023-07-25";"231"
"SKU-01";"2023-07-25";"620"
"SKU-03";"2023-07-26";"288"
"SKU-04";"2023-07-26";"116"
"SKU-05";"2023-07-26";"281"
"SKU-02";"2023-07-26";"330"
"SKU-01";"2023-07-26";"492"
"SKU-03";"2023-07-27";"294"
"SKU-04";"2023-07-27";"204"
"SKU-05";"2023-07-27";"133"
"SKU-02";"2023-07-27";"264"
"SKU-01";"2023-07-27";"470"
"SKU-03";"2023-07-30";"305"
"SKU-04";"2023-07-30";"171"
"SKU-05";"2023-07-30";"256"
"SKU-02";"2023-07-30";"399"
"SKU-01";"2023-07-30";"502"
"SKU-03";"2023-07-31";"180"
"SKU-04";"2023-07-31";"129"
"SKU-05";"2023-07-31";"170"
"SKU-02";"2023-07-31";"274"
"SKU-01";"2023-07-31";"435"
"SKU-03";"2023-08-01";"199"
"SKU-04";"2023-08-01";"200"
"SKU-05";"2023-08-01";"364"
"SKU-02";"2023-08-01";"250"
"SKU-01";"2023-08-01";"500"
"SKU-03";"2023-08-02";"175"
"SKU-04";"2023-08-02";"183"
"SKU-05";"2023-08-02";"214"
"SKU-02";"2023-08-02";"325"
"SKU-01";"2023-08-02";"338"
"SKU-03";"2023-08-03";"288"
"SKU-04";"2023-08-03";"211"
"SKU-05";"2023-08-03";"272"
"SKU-02";"2023-08-03";"291"
"SKU-01";"2023-08-03";"717"
"SKU-03";"2023-08-06";"249"
"SKU-04";"2023-08-06";"176"
"SKU-05";"2023-08-06";"229"
"SKU-02";"2023-08-06";"424"
"SKU-01";"2023-08-06";"519"
"SKU-03";"2023-08-07";"321"
"SKU-04";"2023-08-07";"102"
"SKU-05";"2023-08-07";"193"
"SKU-02";"2023-08-07";"387"
"SKU-01";"2023-08-07";"487"
"SKU-03";"2023-08-08";"249"
"SKU-04";"2023-08-08";"189"
"SKU-05";"2023-08-08";"248"
"SKU-02";"2023-08-08";"338"
"SKU-01";"2023-08-08";"555"
"SKU-03";"2023-08-09";"274"
"SKU-04";"2023-08-09";"194"
"SKU-05";"2023-08-09";"371"
"SKU-02";"2023-08-09";"400"
"SKU-01";"2023-08-09";"488"
