"SKU_ID";"Plant_ID";"Date";"Qte_produite"
"SKU-03";"USN-02";"2023-01-01";"237"
"SKU-04";"USN-02";"2023-01-01";"190"
"SKU-05";"USN-03";"2023-01-01";"74"
"SKU-02";"USN-01";"2023-01-01";"217"
"SKU-01";"USN-01";"2023-01-01";"240"
"SKU-03";"USN-02";"2023-01-02";"161"
"SKU-04";"USN-02";"2023-01-02";"102"
"SKU-05";"USN-03";"2023-01-02";"155"
"SKU-02";"USN-01";"2023-01-02";"141"
"SKU-01";"USN-01";"2023-01-02";"308"
"SKU-03";"USN-02";"2023-01-03";"131"
"SKU-04";"USN-02";"2023-01-03";"161"
"SKU-05";"USN-03";"2023-01-03";"217"
"SKU-02";"USN-01";"2023-01-03";"211"
"SKU-01";"USN-01";"2023-01-03";"290"
"SKU-03";"USN-02";"2023-01-04";"143"
"SKU-04";"USN-02";"2023-01-04";"170"
"SKU-05";"USN-03";"2023-01-04";"174"
"SKU-02";"USN-01";"2023-01-04";"158"
"SKU-01";"USN-01";"2023-01-04";"254"
"SKU-03";"USN-02";"2023-01-05";"228"
"SKU-04";"USN-02";"2023-01-05";"196"
"SKU-05";"USN-03";"2023-01-05";"122"
"SKU-02";"USN-01";"2023-01-05";"146"
"SKU-01";"USN-01";"2023-01-05";"323"
"SKU-03";"USN-02";"2023-01-08";"205"
"SKU-04";"USN-02";"2023-01-08";"229"
"SKU-05";"USN-03";"2023-01-08";"55"
"SKU-02";"USN-01";"2023-01-08";"274"
"SKU-01";"USN-01";"2023-01-08";"249"
"SKU-03";"USN-02";"2023-01-09";"154"
"SKU-04";"USN-02";"2023-01-09";"95"
"SKU-05";"USN-03";"2023-01-09";"144"
"SKU-02";"USN-01";"2023-01-09";"206"
"SKU-01";"USN-01";"2023-01-09";"253"
"SKU-03";"USN-02";"2023-01-10";"246"
"SKU-04";"USN-02";"2023-01-10";"143"
"SKU-05";"USN-03";"2023-01-10";"152"
"SKU-02";"USN-01";"2023-01-10";"199"
"SKU-01";"USN-01";"2023-01-10";"197"
"SKU-03";"USN-02";"2023-01-11";"237"
"SKU-04";"USN-02";"2023-01-11";"163"
"SKU-05";"USN-03";"2023-01-11";"116"
"SKU-02";"USN-01";"2023-01-11";"236"
"SKU-01";"USN-01";"2023-01-11";"266"
"SKU-03";"USN-02";"2023-01-12";"234"
"SKU-04";"USN-02";"2023-01-12";"173"
"SKU-05";"USN-03";"2023-01-12";"169"
"SKU-02";"USN-01";"2023-01-12";"185"
"SKU-01";"USN-01";"2023-01-12";"300"
"SKU-03";"USN-02";"2023-01-15";"229"
"SKU-04";"USN-02";"2023-01-15";"274"
"SKU-05";"USN-03";"2023-01-15";"159"
"SKU-02";"USN-01";"2023-01-15";"186"
"SKU-01";"USN-01";"2023-01-15";"337"
"SKU-03";"USN-02";"2023-01-16";"235"
"SKU-04";"USN-02";"2023-01-16";"207"
"SKU-05";"USN-03";"2023-01-16";"196"
"SKU-02";"USN-01";"2023-01-16";"238"
"SKU-01";"USN-01";"2023-01-16";"311"
"SKU-03";"USN-02";"2023-01-17";"162"
"SKU-04";"USN-02";"2023-01-17";"187"
"SKU-05";"USN-03";"2023-01-17";"187"
"SKU-02";"USN-01";"2023-01-17";"180"
"SKU-01";"USN-01";"2023-01-17";"282"
"SKU-03";"USN-02";"2023-01-18";"161"
"SKU-04";"USN-02";"2023-01-18";"192"
"SKU-05";"USN-03";"2023-01-18";"139"
"SKU-02";"USN-01";"2023-01-18";"170"
"SKU-01";"USN-01";"2023-01-18";"302"
"SKU-03";"USN-02";"2023-01-19";"283"
"SKU-04";"USN-02";"2023-01-19";"205"
"SKU-05";"USN-03";"2023-01-19";"123"
"SKU-02";"USN-01";"2023-01-19";"162"
"SKU-01";"USN-01";"2023-01-19";"294"
"SKU-03";"USN-02";"2023-01-22";"192"
"SKU-04";"USN-02";"2023-01-22";"181"
"SKU-05";"USN-03";"2023-01-22";"173"
"SKU-02";"USN-01";"2023-01-22";"227"
"SKU-01";"USN-01";"2023-01-22";"282"
"SKU-03";"USN-02";"2023-01-23";"115"
"SKU-04";"USN-02";"2023-01-23";"172"
"SKU-05";"USN-03";"2023-01-23";"53"
"SKU-02";"USN-01";"2023-01-23";"239"
"SKU-01";"USN-01";"2023-01-23";"243"
"SKU-03";"USN-02";"2023-01-24";"315"
"SKU-04";"USN-02";"2023-01-24";"136"
"SKU-05";"USN-03";"2023-01-24";"221"
"SKU-02";"USN-01";"2023-01-24";"192"
"SKU-01";"USN-01";"2023-01-24";"209"
"SKU-03";"USN-02";"2023-01-25";"276"
"SKU-04";"USN-02";"2023-01-25";"171"
"SKU-05";"USN-03";"2023-01-25";"126"
"SKU-02";"USN-01";"2023-01-25";"161"
"SKU-01";"USN-01";"2023-01-25";"303"
"SKU-03";"USN-02";"2023-01-26";"153"
"SKU-04";"USN-02";"2023-01-26";"223"
"SKU-05";"USN-03";"2023-01-26";"127"
"SKU-02";"USN-01";"2023-01-26";"269"
"SKU-01";"USN-01";"2023-01-26";"322"
"SKU-03";"USN-02";"2023-01-29";"260"
"SKU-04";"USN-02";"2023-01-29";"155"
"SKU-05";"USN-03";"2023-01-29";"114"
"SKU-02";"USN-01";"2023-01-29";"197"
"SKU-01";"USN-01";"2023-01-29";"317"
"SKU-03";"USN-02";"2023-01-30";"150"
"SKU-04";"USN-02";"2023-01-30";"145"
"SKU-05";"USN-03";"2023-01-30";"161"
"SKU-02";"USN-01";"2023-01-30";"251"
"SKU-01";"USN-01";"2023-01-30";"264"
"SKU-03";"USN-02";"2023-01-31";"260"
"SKU-04";"USN-02";"2023-01-31";"258"
"SKU-05";"USN-03";"2023-01-31";"176"
"SKU-02";"USN-01";"2023-01-31";"277"
"SKU-01";"USN-01";"2023-01-31";"282"
"SKU-03";"USN-02";"2023-02-01";"145"
"SKU-04";"USN-02";"2023-02-01";"178"
"SKU-05";"USN-03";"2023-02-01";"250"
"SKU-02";"USN-01";"2023-02-01";"260"
"SKU-01";"USN-01";"2023-02-01";"258"
"SKU-03";"USN-02";"2023-02-02";"182"
"SKU-04";"USN-02";"2023-02-02";"187"
"SKU-05";"USN-03";"2023-02-02";"66"
"SKU-02";"USN-01";"2023-02-02";"260"
"SKU-01";"USN-01";"2023-02-02";"330"
"SKU-03";"USN-02";"2023-02-05";"209"
"SKU-04";"USN-02";"2023-02-05";"209"
"SKU-05";"USN-03";"2023-02-05";"198"
"SKU-02";"USN-01";"2023-02-05";"197"
"SKU-01";"USN-01";"2023-02-05";"307"
"SKU-03";"USN-02";"2023-02-06";"222"
"SKU-04";"USN-02";"2023-02-06";"230"
"SKU-05";"USN-03";"2023-02-06";"99"
"SKU-02";"USN-01";"2023-02-06";"259"
"SKU-01";"USN-01";"2023-02-06";"359"
"SKU-03";"USN-02";"2023-02-07";"215"
"SKU-04";"USN-02";"2023-02-07";"204"
"SKU-05";"USN-03";"2023-02-07";"198"
"SKU-02";"USN-01";"2023-02-07";"277"
"SKU-01";"USN-01";"2023-02-07";"329"
"SKU-03";"USN-02";"2023-02-08";"266"
"SKU-04";"USN-02";"2023-02-08";"180"
"SKU-05";"USN-03";"2023-02-08";"89"
"SKU-02";"USN-01";"2023-02-08";"326"
"SKU-01";"USN-01";"2023-02-08";"377"
"SKU-03";"USN-02";"2023-02-09";"176"
"SKU-04";"USN-02";"2023-02-09";"179"
"SKU-05";"USN-03";"2023-02-09";"169"
"SKU-02";"USN-01";"2023-02-09";"193"
"SKU-01";"USN-01";"2023-02-09";"301"
"SKU-03";"USN-02";"2023-02-12";"172"
"SKU-04";"USN-02";"2023-02-12";"169"
"SKU-05";"USN-03";"2023-02-12";"242"
"SKU-02";"USN-01";"2023-02-12";"239"
"SKU-01";"USN-01";"2023-02-12";"392"
"SKU-03";"USN-02";"2023-02-13";"130"
"SKU-04";"USN-02";"2023-02-13";"234"
"SKU-05";"USN-03";"2023-02-13";"222"
"SKU-02";"USN-01";"2023-02-13";"177"
"SKU-01";"USN-01";"2023-02-13";"293"
"SKU-03";"USN-02";"2023-02-14";"241"
"SKU-04";"USN-02";"2023-02-14";"152"
"SKU-05";"USN-03";"2023-02-14";"117"
"SKU-02";"USN-01";"2023-02-14";"219"
"SKU-01";"USN-01";"2023-02-14";"340"
"SKU-03";"USN-02";"2023-02-15";"202"
"SKU-04";"USN-02";"2023-02-15";"132"
"SKU-05";"USN-03";"2023-02-15";"182"
"SKU-02";"USN-01";"2023-02-15";"179"
"SKU-01";"USN-01";"2023-02-15";"220"
"SKU-03";"USN-02";"2023-02-16";"190"
"SKU-04";"USN-02";"2023-02-16";"238"
"SKU-05";"USN-03";"2023-02-16";"152"
"SKU-02";"USN-01";"2023-02-16";"182"
"SKU-01";"USN-01";"2023-02-16";"302"
"SKU-03";"USN-02";"2023-02-19";"161"
"SKU-04";"USN-02";"2023-02-19";"163"
"SKU-05";"USN-03";"2023-02-19";"216"
"SKU-02";"USN-01";"2023-02-19";"246"
"SKU-01";"USN-01";"2023-02-19";"269"
"SKU-03";"USN-02";"2023-02-20";"202"
"SKU-04";"USN-02";"2023-02-20";"263"
"SKU-05";"USN-03";"2023-02-20";"132"
"SKU-02";"USN-01";"2023-02-20";"341"
"SKU-01";"USN-01";"2023-02-20";"413"
"SKU-03";"USN-02";"2023-02-21";"240"
"SKU-04";"USN-02";"2023-02-21";"171"
"SKU-05";"USN-03";"2023-02-21";"162"
"SKU-02";"USN-01";"2023-02-21";"195"
"SKU-01";"USN-01";"2023-02-21";"307"
"SKU-03";"USN-02";"2023-02-22";"128"
"SKU-04";"USN-02";"2023-02-22";"125"
"SKU-05";"USN-03";"2023-02-22";"132"
"SKU-02";"USN-01";"2023-02-22";"262"
"SKU-01";"USN-01";"2023-02-22";"350"
"SKU-03";"USN-02";"2023-02-23";"158"
"SKU-04";"USN-02";"2023-02-23";"186"
"SKU-05";"USN-03";"2023-02-23";"83"
"SKU-02";"USN-01";"2023-02-23";"313"
"SKU-01";"USN-01";"2023-02-23";"360"
"SKU-03";"USN-02";"2023-02-26";"141"
"SKU-04";"USN-02";"2023-02-26";"199"
"SKU-05";"USN-03";"2023-02-26";"136"
"SKU-02";"USN-01";"2023-02-26";"251"
"SKU-01";"USN-01";"2023-02-26";"430"
"SKU-03";"USN-02";"2023-02-27";"204"
"SKU-04";"USN-02";"2023-02-27";"278"
"SKU-05";"USN-03";"2023-02-27";"203"
"SKU-02";"USN-01";"2023-02-27";"304"
"SKU-01";"USN-01";"2023-02-27";"318"
"SKU-03";"USN-02";"2023-02-28";"312"
"SKU-04";"USN-02";"2023-02-28";"155"
"SKU-05";"USN-03";"2023-02-28";"136"
"SKU-02";"USN-01";"2023-02-28";"182"
"SKU-01";"USN-01";"2023-02-28";"452"
"SKU-03";"USN-02";"2023-03-01";"258"
"SKU-04";"USN-02";"2023-03-01";"129"
"SKU-05";"USN-03";"2023-03-01";"376"
"SKU-02";"USN-01";"2023-03-01";"242"
"SKU-01";"USN-01";"2023-03-01";"378"
"SKU-03";"USN-02";"2023-03-02";"305"
"SKU-04";"USN-02";"2023-03-02";"218"
"SKU-05";"USN-03";"2023-03-02";"155"
"SKU-02";"USN-01";"2023-03-02";"167"
"SKU-01";"USN-01";"2023-03-02";"496"
"SKU-03";"USN-02";"2023-03-05";"144"
"SKU-04";"USN-02";"2023-03-05";"257"
"SKU-05";"USN-03";"2023-03-05";"183"
"SKU-02";"USN-01";"2023-03-05";"353"
"SKU-01";"USN-01";"2023-03-05";"503"
"SKU-03";"USN-02";"2023-03-06";"392"
"SKU-04";"USN-02";"2023-03-06";"198"
"SKU-05";"USN-03";"2023-03-06";"327"
"SKU-02";"USN-01";"2023-03-06";"393"
"SKU-01";"USN-01";"2023-03-06";"485"
"SKU-03";"USN-02";"2023-03-07";"321"
"SKU-04";"USN-02";"2023-03-07";"136"
"SKU-05";"USN-03";"2023-03-07";"318"
"SKU-02";"USN-01";"2023-03-07";"331"
"SKU-01";"USN-01";"2023-03-07";"412"
"SKU-03";"USN-02";"2023-03-08";"240"
"SKU-04";"USN-02";"2023-03-08";"276"
"SKU-05";"USN-03";"2023-03-08";"299"
"SKU-02";"USN-01";"2023-03-08";"267"
"SKU-01";"USN-01";"2023-03-08";"482"
"SKU-03";"USN-02";"2023-03-09";"221"
"SKU-04";"USN-02";"2023-03-09";"184"
"SKU-05";"USN-03";"2023-03-09";"213"
"SKU-02";"USN-01";"2023-03-09";"190"
"SKU-01";"USN-01";"2023-03-09";"292"
"SKU-03";"USN-02";"2023-03-12";"246"
"SKU-04";"USN-02";"2023-03-12";"192"
"SKU-05";"USN-03";"2023-03-12";"276"
"SKU-02";"USN-01";"2023-03-12";"362"
"SKU-01";"USN-01";"2023-03-12";"362"
"SKU-03";"USN-02";"2023-03-13";"264"
"SKU-04";"USN-02";"2023-03-13";"236"
"SKU-05";"USN-03";"2023-03-13";"178"
"SKU-02";"USN-01";"2023-03-13";"296"
"SKU-01";"USN-01";"2023-03-13";"512"
"SKU-03";"USN-02";"2023-03-14";"244"
"SKU-04";"USN-02";"2023-03-14";"257"
"SKU-05";"USN-03";"2023-03-14";"161"
"SKU-02";"USN-01";"2023-03-14";"371"
"SKU-01";"USN-01";"2023-03-14";"278"
"SKU-03";"USN-02";"2023-03-15";"171"
"SKU-04";"USN-02";"2023-03-15";"208"
"SKU-05";"USN-03";"2023-03-15";"234"
"SKU-02";"USN-01";"2023-03-15";"265"
"SKU-01";"USN-01";"2023-03-15";"443"
"SKU-03";"USN-02";"2023-03-16";"143"
"SKU-04";"USN-02";"2023-03-16";"218"
"SKU-05";"USN-03";"2023-03-16";"291"
"SKU-02";"USN-01";"2023-03-16";"359"
"SKU-01";"USN-01";"2023-03-16";"496"
"SKU-03";"USN-02";"2023-03-19";"223"
"SKU-04";"USN-02";"2023-03-19";"165"
"SKU-05";"USN-03";"2023-03-19";"309"
"SKU-02";"USN-01";"2023-03-19";"345"
"SKU-01";"USN-01";"2023-03-19";"343"
"SKU-03";"USN-02";"2023-03-20";"182"
"SKU-04";"USN-02";"2023-03-20";"210"
"SKU-05";"USN-03";"2023-03-20";"191"
"SKU-02";"USN-01";"2023-03-20";"285"
"SKU-01";"USN-01";"2023-03-20";"603"
"SKU-03";"USN-02";"2023-03-21";"184"
"SKU-04";"USN-02";"2023-03-21";"227"
"SKU-05";"USN-03";"2023-03-21";"283"
"SKU-02";"USN-01";"2023-03-21";"209"
"SKU-01";"USN-01";"2023-03-21";"557"
"SKU-03";"USN-02";"2023-03-22";"254"
"SKU-04";"USN-02";"2023-03-22";"222"
"SKU-05";"USN-03";"2023-03-22";"358"
"SKU-02";"USN-01";"2023-03-22";"306"
"SKU-01";"USN-01";"2023-03-22";"555"
"SKU-03";"USN-02";"2023-03-23";"159"
"SKU-04";"USN-02";"2023-03-23";"142"
"SKU-05";"USN-03";"2023-03-23";"257"
"SKU-02";"USN-01";"2023-03-23";"289"
"SKU-01";"USN-01";"2023-03-23";"479"
"SKU-03";"USN-02";"2023-03-26";"294"
"SKU-04";"USN-02";"2023-03-26";"207"
"SKU-05";"USN-03";"2023-03-26";"231"
"SKU-02";"USN-01";"2023-03-26";"345"
"SKU-01";"USN-01";"2023-03-26";"587"
"SKU-03";"USN-02";"2023-03-27";"206"
"SKU-04";"USN-02";"2023-03-27";"237"
"SKU-05";"USN-03";"2023-03-27";"287"
"SKU-02";"USN-01";"2023-03-27";"343"
"SKU-01";"USN-01";"2023-03-27";"471"
"SKU-03";"USN-02";"2023-03-28";"379"
"SKU-04";"USN-02";"2023-03-28";"245"
"SKU-05";"USN-03";"2023-03-28";"177"
"SKU-02";"USN-01";"2023-03-28";"388"
"SKU-01";"USN-01";"2023-03-28";"531"
"SKU-03";"USN-02";"2023-03-29";"204"
"SKU-04";"USN-02";"2023-03-29";"149"
"SKU-05";"USN-03";"2023-03-29";"121"
"SKU-02";"USN-01";"2023-03-29";"366"
"SKU-01";"USN-01";"2023-03-29";"509"
"SKU-03";"USN-02";"2023-03-30";"260"
"SKU-04";"USN-02";"2023-03-30";"161"
"SKU-05";"USN-03";"2023-03-30";"296"
"SKU-02";"USN-01";"2023-03-30";"371"
"SKU-01";"USN-01";"2023-03-30";"574"
"SKU-03";"USN-02";"2023-04-02";"368"
"SKU-04";"USN-02";"2023-04-02";"218"
"SKU-05";"USN-03";"2023-04-02";"227"
"SKU-02";"USN-01";"2023-04-02";"475"
"SKU-01";"USN-01";"2023-04-02";"627"
"SKU-03";"USN-02";"2023-04-03";"193"
"SKU-04";"USN-02";"2023-04-03";"268"
"SKU-05";"USN-03";"2023-04-03";"257"
"SKU-02";"USN-01";"2023-04-03";"590"
"SKU-01";"USN-01";"2023-04-03";"663"
"SKU-03";"USN-02";"2023-04-04";"365"
"SKU-04";"USN-02";"2023-04-04";"261"
"SKU-05";"USN-03";"2023-04-04";"472"
"SKU-02";"USN-01";"2023-04-04";"537"
"SKU-01";"USN-01";"2023-04-04";"675"
"SKU-03";"USN-02";"2023-04-05";"290"
"SKU-04";"USN-02";"2023-04-05";"196"
"SKU-05";"USN-03";"2023-04-05";"236"
"SKU-02";"USN-01";"2023-04-05";"392"
"SKU-01";"USN-01";"2023-04-05";"730"
"SKU-03";"USN-02";"2023-04-06";"300"
"SKU-04";"USN-02";"2023-04-06";"273"
"SKU-05";"USN-03";"2023-04-06";"467"
"SKU-02";"USN-01";"2023-04-06";"486"
"SKU-01";"USN-01";"2023-04-06";"467"
"SKU-03";"USN-02";"2023-04-09";"254"
"SKU-04";"USN-02";"2023-04-09";"206"
"SKU-05";"USN-03";"2023-04-09";"399"
"SKU-02";"USN-01";"2023-04-09";"394"
"SKU-01";"USN-01";"2023-04-09";"689"
"SKU-03";"USN-02";"2023-04-10";"301"
"SKU-04";"USN-02";"2023-04-10";"182"
"SKU-05";"USN-03";"2023-04-10";"314"
"SKU-02";"USN-01";"2023-04-10";"343"
"SKU-01";"USN-01";"2023-04-10";"511"
"SKU-03";"USN-02";"2023-04-11";"201"
"SKU-04";"USN-02";"2023-04-11";"100"
"SKU-05";"USN-03";"2023-04-11";"345"
"SKU-02";"USN-01";"2023-04-11";"298"
"SKU-01";"USN-01";"2023-04-11";"637"
"SKU-03";"USN-02";"2023-04-12";"351"
"SKU-04";"USN-02";"2023-04-12";"212"
"SKU-05";"USN-03";"2023-04-12";"254"
"SKU-02";"USN-01";"2023-04-12";"358"
"SKU-01";"USN-01";"2023-04-12";"829"
"SKU-03";"USN-02";"2023-04-13";"248"
"SKU-04";"USN-02";"2023-04-13";"239"
"SKU-05";"USN-03";"2023-04-13";"443"
"SKU-02";"USN-01";"2023-04-13";"553"
"SKU-01";"USN-01";"2023-04-13";"569"
"SKU-03";"USN-02";"2023-04-16";"165"
"SKU-04";"USN-02";"2023-04-16";"286"
"SKU-05";"USN-03";"2023-04-16";"281"
"SKU-02";"USN-01";"2023-04-16";"357"
"SKU-01";"USN-01";"2023-04-16";"734"
"SKU-03";"USN-02";"2023-04-17";"202"
"SKU-04";"USN-02";"2023-04-17";"293"
"SKU-05";"USN-03";"2023-04-17";"291"
"SKU-02";"USN-01";"2023-04-17";"426"
"SKU-01";"USN-01";"2023-04-17";"708"
"SKU-03";"USN-02";"2023-04-18";"287"
"SKU-04";"USN-02";"2023-04-18";"248"
"SKU-05";"USN-03";"2023-04-18";"273"
"SKU-02";"USN-01";"2023-04-18";"404"
"SKU-01";"USN-01";"2023-04-18";"453"
"SKU-03";"USN-02";"2023-04-19";"294"
"SKU-04";"USN-02";"2023-04-19";"182"
"SKU-05";"USN-03";"2023-04-19";"277"
"SKU-02";"USN-01";"2023-04-19";"387"
"SKU-01";"USN-01";"2023-04-19";"513"
"SKU-03";"USN-02";"2023-04-20";"177"
"SKU-04";"USN-02";"2023-04-20";"73"
"SKU-05";"USN-03";"2023-04-20";"430"
"SKU-02";"USN-01";"2023-04-20";"403"
"SKU-01";"USN-01";"2023-04-20";"555"
"SKU-03";"USN-02";"2023-04-23";"251"
"SKU-04";"USN-02";"2023-04-23";"196"
"SKU-05";"USN-03";"2023-04-23";"336"
"SKU-02";"USN-01";"2023-04-23";"321"
"SKU-01";"USN-01";"2023-04-23";"579"
"SKU-03";"USN-02";"2023-04-24";"148"
"SKU-04";"USN-02";"2023-04-24";"210"
"SKU-05";"USN-03";"2023-04-24";"316"
"SKU-02";"USN-01";"2023-04-24";"501"
"SKU-01";"USN-01";"2023-04-24";"678"
"SKU-03";"USN-02";"2023-04-25";"295"
"SKU-04";"USN-02";"2023-04-25";"302"
"SKU-05";"USN-03";"2023-04-25";"325"
"SKU-02";"USN-01";"2023-04-25";"385"
"SKU-01";"USN-01";"2023-04-25";"524"
"SKU-03";"USN-02";"2023-04-26";"376"
"SKU-04";"USN-02";"2023-04-26";"236"
"SKU-05";"USN-03";"2023-04-26";"442"
"SKU-02";"USN-01";"2023-04-26";"180"
"SKU-01";"USN-01";"2023-04-26";"681"
"SKU-03";"USN-02";"2023-04-27";"352"
"SKU-04";"USN-02";"2023-04-27";"244"
"SKU-05";"USN-03";"2023-04-27";"117"
"SKU-02";"USN-01";"2023-04-27";"437"
"SKU-01";"USN-01";"2023-04-27";"621"
"SKU-03";"USN-02";"2023-04-30";"255"
"SKU-04";"USN-02";"2023-04-30";"277"
"SKU-05";"USN-03";"2023-04-30";"439"
"SKU-02";"USN-01";"2023-04-30";"443"
"SKU-01";"USN-01";"2023-04-30";"637"
"SKU-03";"USN-02";"2023-05-01";"314"
"SKU-04";"USN-02";"2023-05-01";"176"
"SKU-05";"USN-03";"2023-05-01";"213"
"SKU-02";"USN-01";"2023-05-01";"174"
"SKU-01";"USN-01";"2023-05-01";"512"
"SKU-03";"USN-02";"2023-05-02";"231"
"SKU-04";"USN-02";"2023-05-02";"212"
"SKU-05";"USN-03";"2023-05-02";"241"
"SKU-02";"USN-01";"2023-05-02";"328"
"SKU-01";"USN-01";"2023-05-02";"517"
"SKU-03";"USN-02";"2023-05-03";"242"
"SKU-04";"USN-02";"2023-05-03";"161"
"SKU-05";"USN-03";"2023-05-03";"304"
"SKU-02";"USN-01";"2023-05-03";"352"
"SKU-01";"USN-01";"2023-05-03";"534"
"SKU-03";"USN-02";"2023-05-04";"213"
"SKU-04";"USN-02";"2023-05-04";"207"
"SKU-05";"USN-03";"2023-05-04";"256"
"SKU-02";"USN-01";"2023-05-04";"343"
"SKU-01";"USN-01";"2023-05-04";"389"
"SKU-03";"USN-02";"2023-05-07";"228"
"SKU-04";"USN-02";"2023-05-07";"230"
"SKU-05";"USN-03";"2023-05-07";"111"
"SKU-02";"USN-01";"2023-05-07";"251"
"SKU-01";"USN-01";"2023-05-07";"590"
"SKU-03";"USN-02";"2023-05-08";"164"
"SKU-04";"USN-02";"2023-05-08";"243"
"SKU-05";"USN-03";"2023-05-08";"241"
"SKU-02";"USN-01";"2023-05-08";"273"
"SKU-01";"USN-01";"2023-05-08";"316"
"SKU-03";"USN-02";"2023-05-09";"159"
"SKU-04";"USN-02";"2023-05-09";"137"
"SKU-05";"USN-03";"2023-05-09";"170"
"SKU-02";"USN-01";"2023-05-09";"319"
"SKU-01";"USN-01";"2023-05-09";"355"
"SKU-03";"USN-02";"2023-05-10";"188"
"SKU-04";"USN-02";"2023-05-10";"208"
"SKU-05";"USN-03";"2023-05-10";"140"
"SKU-02";"USN-01";"2023-05-10";"296"
"SKU-01";"USN-01";"2023-05-10";"519"
"SKU-03";"USN-02";"2023-05-11";"263"
"SKU-04";"USN-02";"2023-05-11";"173"
"SKU-05";"USN-03";"2023-05-11";"349"
"SKU-02";"USN-01";"2023-05-11";"276"
"SKU-01";"USN-01";"2023-05-11";"402"
"SKU-03";"USN-02";"2023-05-14";"227"
"SKU-04";"USN-02";"2023-05-14";"186"
"SKU-05";"USN-03";"2023-05-14";"161"
"SKU-02";"USN-01";"2023-05-14";"230"
"SKU-01";"USN-01";"2023-05-14";"543"
"SKU-03";"USN-02";"2023-05-15";"199"
"SKU-04";"USN-02";"2023-05-15";"233"
"SKU-05";"USN-03";"2023-05-15";"171"
"SKU-02";"USN-01";"2023-05-15";"254"
"SKU-01";"USN-01";"2023-05-15";"462"
"SKU-03";"USN-02";"2023-05-16";"243"
"SKU-04";"USN-02";"2023-05-16";"141"
"SKU-05";"USN-03";"2023-05-16";"219"
"SKU-02";"USN-01";"2023-05-16";"299"
"SKU-01";"USN-01";"2023-05-16";"446"
"SKU-03";"USN-02";"2023-05-17";"270"
"SKU-04";"USN-02";"2023-05-17";"310"
"SKU-05";"USN-03";"2023-05-17";"207"
"SKU-02";"USN-01";"2023-05-17";"325"
"SKU-01";"USN-01";"2023-05-17";"479"
"SKU-03";"USN-02";"2023-05-18";"193"
"SKU-04";"USN-02";"2023-05-18";"171"
"SKU-05";"USN-03";"2023-05-18";"232"
"SKU-02";"USN-01";"2023-05-18";"262"
"SKU-01";"USN-01";"2023-05-18";"272"
"SKU-03";"USN-02";"2023-05-21";"322"
"SKU-04";"USN-02";"2023-05-21";"184"
"SKU-05";"USN-03";"2023-05-21";"173"
"SKU-02";"USN-01";"2023-05-21";"307"
"SKU-01";"USN-01";"2023-05-21";"417"
"SKU-03";"USN-02";"2023-05-22";"441"
"SKU-04";"USN-02";"2023-05-22";"206"
"SKU-05";"USN-03";"2023-05-22";"211"
"SKU-02";"USN-01";"2023-05-22";"370"
"SKU-01";"USN-01";"2023-05-22";"384"
"SKU-03";"USN-02";"2023-05-23";"187"
"SKU-04";"USN-02";"2023-05-23";"104"
"SKU-05";"USN-03";"2023-05-23";"232"
"SKU-02";"USN-01";"2023-05-23";"168"
"SKU-01";"USN-01";"2023-05-23";"403"
"SKU-03";"USN-02";"2023-05-24";"214"
"SKU-04";"USN-02";"2023-05-24";"152"
"SKU-05";"USN-03";"2023-05-24";"238"
"SKU-02";"USN-01";"2023-05-24";"270"
"SKU-01";"USN-01";"2023-05-24";"488"
"SKU-03";"USN-02";"2023-05-25";"296"
"SKU-04";"USN-02";"2023-05-25";"184"
"SKU-05";"USN-03";"2023-05-25";"216"
"SKU-02";"USN-01";"2023-05-25";"317"
"SKU-01";"USN-01";"2023-05-25";"469"
"SKU-03";"USN-02";"2023-05-28";"259"
"SKU-04";"USN-02";"2023-05-28";"154"
"SKU-05";"USN-03";"2023-05-28";"258"
"SKU-02";"USN-01";"2023-05-28";"357"
"SKU-01";"USN-01";"2023-05-28";"371"
"SKU-03";"USN-02";"2023-05-29";"181"
"SKU-04";"USN-02";"2023-05-29";"174"
"SKU-05";"USN-03";"2023-05-29";"90"
"SKU-02";"USN-01";"2023-05-29";"304"
"SKU-01";"USN-01";"2023-05-29";"496"
"SKU-03";"USN-02";"2023-05-30";"269"
"SKU-04";"USN-02";"2023-05-30";"251"
"SKU-05";"USN-03";"2023-05-30";"114"
"SKU-02";"USN-01";"2023-05-30";"389"
"SKU-01";"USN-01";"2023-05-30";"497"
"SKU-03";"USN-02";"2023-05-31";"198"
"SKU-04";"USN-02";"2023-05-31";"203"
"SKU-05";"USN-03";"2023-05-31";"306"
"SKU-02";"USN-01";"2023-05-31";"312"
"SKU-01";"USN-01";"2023-05-31";"415"
"SKU-03";"USN-02";"2023-06-01";"240"
"SKU-04";"USN-02";"2023-06-01";"268"
"SKU-05";"USN-03";"2023-06-01";"255"
"SKU-02";"USN-01";"2023-06-01";"290"
"SKU-01";"USN-01";"2023-06-01";"494"
"SKU-03";"USN-02";"2023-06-04";"259"
"SKU-04";"USN-02";"2023-06-04";"173"
"SKU-05";"USN-03";"2023-06-04";"253"
"SKU-02";"USN-01";"2023-06-04";"376"
"SKU-01";"USN-01";"2023-06-04";"475"
"SKU-03";"USN-02";"2023-06-05";"293"
"SKU-04";"USN-02";"2023-06-05";"127"
"SKU-05";"USN-03";"2023-06-05";"135"
"SKU-02";"USN-01";"2023-06-05";"308"
"SKU-01";"USN-01";"2023-06-05";"507"
"SKU-03";"USN-02";"2023-06-06";"170"
"SKU-04";"USN-02";"2023-06-06";"105"
"SKU-05";"USN-03";"2023-06-06";"321"
"SKU-02";"USN-01";"2023-06-06";"310"
"SKU-01";"USN-01";"2023-06-06";"522"
"SKU-03";"USN-02";"2023-06-07";"300"
"SKU-04";"USN-02";"2023-06-07";"135"
"SKU-05";"USN-03";"2023-06-07";"144"
"SKU-02";"USN-01";"2023-06-07";"372"
"SKU-01";"USN-01";"2023-06-07";"563"
"SKU-03";"USN-02";"2023-06-08";"213"
"SKU-04";"USN-02";"2023-06-08";"223"
"SKU-05";"USN-03";"2023-06-08";"226"
"SKU-02";"USN-01";"2023-06-08";"311"
"SKU-01";"USN-01";"2023-06-08";"477"
"SKU-03";"USN-02";"2023-06-11";"233"
"SKU-04";"USN-02";"2023-06-11";"166"
"SKU-05";"USN-03";"2023-06-11";"147"
"SKU-02";"USN-01";"2023-06-11";"388"
"SKU-01";"USN-01";"2023-06-11";"585"
"SKU-03";"USN-02";"2023-06-12";"264"
"SKU-04";"USN-02";"2023-06-12";"123"
"SKU-05";"USN-03";"2023-06-12";"201"
"SKU-02";"USN-01";"2023-06-12";"286"
"SKU-01";"USN-01";"2023-06-12";"626"
"SKU-03";"USN-02";"2023-06-13";"251"
"SKU-04";"USN-02";"2023-06-13";"266"
"SKU-05";"USN-03";"2023-06-13";"200"
"SKU-02";"USN-01";"2023-06-13";"289"
"SKU-01";"USN-01";"2023-06-13";"530"
"SKU-03";"USN-02";"2023-06-14";"149"
"SKU-04";"USN-02";"2023-06-14";"131"
"SKU-05";"USN-03";"2023-06-14";"138"
"SKU-02";"USN-01";"2023-06-14";"255"
"SKU-01";"USN-01";"2023-06-14";"767"
"SKU-03";"USN-02";"2023-06-15";"273"
"SKU-04";"USN-02";"2023-06-15";"120"
"SKU-05";"USN-03";"2023-06-15";"250"
"SKU-02";"USN-01";"2023-06-15";"366"
"SKU-01";"USN-01";"2023-06-15";"351"
"SKU-03";"USN-02";"2023-06-18";"199"
"SKU-04";"USN-02";"2023-06-18";"181"
"SKU-05";"USN-03";"2023-06-18";"274"
"SKU-02";"USN-01";"2023-06-18";"279"
"SKU-01";"USN-01";"2023-06-18";"513"
"SKU-03";"USN-02";"2023-06-19";"352"
"SKU-04";"USN-02";"2023-06-19";"228"
"SKU-05";"USN-03";"2023-06-19";"152"
"SKU-02";"USN-01";"2023-06-19";"259"
"SKU-01";"USN-01";"2023-06-19";"443"
"SKU-03";"USN-02";"2023-06-20";"320"
"SKU-04";"USN-02";"2023-06-20";"163"
"SKU-05";"USN-03";"2023-06-20";"202"
"SKU-02";"USN-01";"2023-06-20";"276"
"SKU-01";"USN-01";"2023-06-20";"469"
"SKU-03";"USN-02";"2023-06-21";"252"
"SKU-04";"USN-02";"2023-06-21";"136"
"SKU-05";"USN-03";"2023-06-21";"168"
"SKU-02";"USN-01";"2023-06-21";"388"
"SKU-01";"USN-01";"2023-06-21";"496"
"SKU-03";"USN-02";"2023-06-22";"251"
"SKU-04";"USN-02";"2023-06-22";"172"
"SKU-05";"USN-03";"2023-06-22";"255"
"SKU-02";"USN-01";"2023-06-22";"279"
"SKU-01";"USN-01";"2023-06-22";"636"
"SKU-03";"USN-02";"2023-06-25";"153"
"SKU-04";"USN-02";"2023-06-25";"251"
"SKU-05";"USN-03";"2023-06-25";"229"
"SKU-02";"USN-01";"2023-06-25";"253"
"SKU-01";"USN-01";"2023-06-25";"595"
"SKU-03";"USN-02";"2023-06-26";"409"
"SKU-04";"USN-02";"2023-06-26";"302"
"SKU-05";"USN-03";"2023-06-26";"357"
"SKU-02";"USN-01";"2023-06-26";"359"
"SKU-01";"USN-01";"2023-06-26";"610"
"SKU-03";"USN-02";"2023-06-27";"215"
"SKU-04";"USN-02";"2023-06-27";"211"
"SKU-05";"USN-03";"2023-06-27";"108"
"SKU-02";"USN-01";"2023-06-27";"324"
"SKU-01";"USN-01";"2023-06-27";"294"
"SKU-03";"USN-02";"2023-06-28";"223"
"SKU-04";"USN-02";"2023-06-28";"183"
"SKU-05";"USN-03";"2023-06-28";"265"
"SKU-02";"USN-01";"2023-06-28";"365"
"SKU-01";"USN-01";"2023-06-28";"521"
"SKU-03";"USN-02";"2023-06-29";"251"
"SKU-04";"USN-02";"2023-06-29";"248"
"SKU-05";"USN-03";"2023-06-29";"154"
"SKU-02";"USN-01";"2023-06-29";"346"
"SKU-01";"USN-01";"2023-06-29";"535"
"SKU-03";"USN-02";"2023-07-02";"339"
"SKU-04";"USN-02";"2023-07-02";"138"
"SKU-05";"USN-03";"2023-07-02";"212"
"SKU-02";"USN-01";"2023-07-02";"357"
"SKU-01";"USN-01";"2023-07-02";"497"
"SKU-03";"USN-02";"2023-07-03";"299"
"SKU-04";"USN-02";"2023-07-03";"223"
"SKU-05";"USN-03";"2023-07-03";"344"
"SKU-02";"USN-01";"2023-07-03";"289"
"SKU-01";"USN-01";"2023-07-03";"491"
"SKU-03";"USN-02";"2023-07-04";"295"
"SKU-04";"USN-02";"2023-07-04";"160"
"SKU-05";"USN-03";"2023-07-04";"285"
"SKU-02";"USN-01";"2023-07-04";"316"
"SKU-01";"USN-01";"2023-07-04";"498"
"SKU-03";"USN-02";"2023-07-05";"255"
"SKU-04";"USN-02";"2023-07-05";"177"
"SKU-05";"USN-03";"2023-07-05";"425"
"SKU-02";"USN-01";"2023-07-05";"444"
"SKU-01";"USN-01";"2023-07-05";"591"
"SKU-03";"USN-02";"2023-07-06";"193"
"SKU-04";"USN-02";"2023-07-06";"246"
"SKU-05";"USN-03";"2023-07-06";"259"
"SKU-02";"USN-01";"2023-07-06";"240"
"SKU-01";"USN-01";"2023-07-06";"704"
"SKU-03";"USN-02";"2023-07-09";"407"
"SKU-04";"USN-02";"2023-07-09";"240"
"SKU-05";"USN-03";"2023-07-09";"226"
"SKU-02";"USN-01";"2023-07-09";"367"
"SKU-01";"USN-01";"2023-07-09";"478"
"SKU-03";"USN-02";"2023-07-10";"261"
"SKU-04";"USN-02";"2023-07-10";"124"
"SKU-05";"USN-03";"2023-07-10";"261"
"SKU-02";"USN-01";"2023-07-10";"205"
"SKU-01";"USN-01";"2023-07-10";"516"
"SKU-03";"USN-02";"2023-07-11";"344"
"SKU-04";"USN-02";"2023-07-11";"277"
"SKU-05";"USN-03";"2023-07-11";"180"
"SKU-02";"USN-01";"2023-07-11";"281"
"SKU-01";"USN-01";"2023-07-11";"548"
"SKU-03";"USN-02";"2023-07-12";"232"
"SKU-04";"USN-02";"2023-07-12";"133"
"SKU-05";"USN-03";"2023-07-12";"293"
"SKU-02";"USN-01";"2023-07-12";"387"
"SKU-01";"USN-01";"2023-07-12";"404"
"SKU-03";"USN-02";"2023-07-13";"256"
"SKU-04";"USN-02";"2023-07-13";"212"
"SKU-05";"USN-03";"2023-07-13";"194"
"SKU-02";"USN-01";"2023-07-13";"318"
"SKU-01";"USN-01";"2023-07-13";"619"
"SKU-03";"USN-02";"2023-07-16";"308"
"SKU-04";"USN-02";"2023-07-16";"153"
"SKU-05";"USN-03";"2023-07-16";"207"
"SKU-02";"USN-01";"2023-07-16";"419"
"SKU-01";"USN-01";"2023-07-16";"641"
"SKU-03";"USN-02";"2023-07-17";"295"
"SKU-04";"USN-02";"2023-07-17";"194"
"SKU-05";"USN-03";"2023-07-17";"158"
"SKU-02";"USN-01";"2023-07-17";"223"
"SKU-01";"USN-01";"2023-07-17";"471"
"SKU-03";"USN-02";"2023-07-18";"360"
"SKU-04";"USN-02";"2023-07-18";"179"
"SKU-05";"USN-03";"2023-07-18";"271"
"SKU-02";"USN-01";"2023-07-18";"295"
"SKU-01";"USN-01";"2023-07-18";"501"
"SKU-03";"USN-02";"2023-07-19";"297"
"SKU-04";"USN-02";"2023-07-19";"199"
"SKU-05";"USN-03";"2023-07-19";"219"
"SKU-02";"USN-01";"2023-07-19";"294"
"SKU-01";"USN-01";"2023-07-19";"548"
"SKU-03";"USN-02";"2023-07-20";"334"
"SKU-04";"USN-02";"2023-07-20";"277"
"SKU-05";"USN-03";"2023-07-20";"302"
"SKU-02";"USN-01";"2023-07-20";"413"
"SKU-01";"USN-01";"2023-07-20";"440"
"SKU-03";"USN-02";"2023-07-23";"217"
"SKU-04";"USN-02";"2023-07-23";"172"
"SKU-05";"USN-03";"2023-07-23";"290"
"SKU-02";"USN-01";"2023-07-23";"388"
"SKU-01";"USN-01";"2023-07-23";"659"
"SKU-03";"USN-02";"2023-07-24";"250"
"SKU-04";"USN-02";"2023-07-24";"233"
"SKU-05";"USN-03";"2023-07-24";"218"
"SKU-02";"USN-01";"2023-07-24";"235"
"SKU-01";"USN-01";"2023-07-24";"691"
"SKU-03";"USN-02";"2023-07-25";"407"
"SKU-04";"USN-02";"2023-07-25";"219"
"SKU-05";"USN-03";"2023-07-25";"309"
"SKU-02";"USN-01";"2023-07-25";"252"
"SKU-01";"USN-01";"2023-07-25";"662"
"SKU-03";"USN-02";"2023-07-26";"315"
"SKU-04";"USN-02";"2023-07-26";"126"
"SKU-05";"USN-03";"2023-07-26";"307"
"SKU-02";"USN-01";"2023-07-26";"353"
"SKU-01";"USN-01";"2023-07-26";"538"
"SKU-03";"USN-02";"2023-07-27";"312"
"SKU-04";"USN-02";"2023-07-27";"224"
"SKU-05";"USN-03";"2023-07-27";"142"
"SKU-02";"USN-01";"2023-07-27";"281"
"SKU-01";"USN-01";"2023-07-27";"508"
"SKU-03";"USN-02";"2023-07-30";"325"
"SKU-04";"USN-02";"2023-07-30";"185"
"SKU-05";"USN-03";"2023-07-30";"275"
"SKU-02";"USN-01";"2023-07-30";"439"
"SKU-01";"USN-01";"2023-07-30";"546"
"SKU-03";"USN-02";"2023-07-31";"199"
"SKU-04";"USN-02";"2023-07-31";"139"
"SKU-05";"USN-03";"2023-07-31";"180"
"SKU-02";"USN-01";"2023-07-31";"300"
"SKU-01";"USN-01";"2023-07-31";"463"
"SKU-03";"USN-02";"2023-08-01";"219"
"SKU-04";"USN-02";"2023-08-01";"213"
"SKU-05";"USN-03";"2023-08-01";"401"
"SKU-02";"USN-01";"2023-08-01";"273"
"SKU-01";"USN-01";"2023-08-01";"530"
"SKU-03";"USN-02";"2023-08-02";"186"
"SKU-04";"USN-02";"2023-08-02";"202"
"SKU-05";"USN-03";"2023-08-02";"238"
"SKU-02";"USN-01";"2023-08-02";"354"
"SKU-01";"USN-01";"2023-08-02";"370"
"SKU-03";"USN-02";"2023-08-03";"317"
"SKU-04";"USN-02";"2023-08-03";"228"
"SKU-05";"USN-03";"2023-08-03";"294"
"SKU-02";"USN-01";"2023-08-03";"317"
"SKU-01";"USN-01";"2023-08-03";"755"
"SKU-03";"USN-02";"2023-08-06";"272"
"SKU-04";"USN-02";"2023-08-06";"185"
"SKU-05";"USN-03";"2023-08-06";"243"
"SKU-02";"USN-01";"2023-08-06";"462"
"SKU-01";"USN-01";"2023-08-06";"562"
"SKU-03";"USN-02";"2023-08-07";"346"
"SKU-04";"USN-02";"2023-08-07";"110"
"SKU-05";"USN-03";"2023-08-07";"214"
"SKU-02";"USN-01";"2023-08-07";"417"
"SKU-01";"USN-01";"2023-08-07";"539"
"SKU-03";"USN-02";"2023-08-08";"273"
"SKU-04";"USN-02";"2023-08-08";"205"
"SKU-05";"USN-03";"2023-08-08";"262"
"SKU-02";"USN-01";"2023-08-08";"359"
"SKU-01";"USN-01";"2023-08-08";"609"
"SKU-03";"USN-02";"2023-08-09";"289"
"SKU-04";"USN-02";"2023-08-09";"208"
"SKU-05";"USN-03";"2023-08-09";"401"
"SKU-02";"USN-01";"2023-08-09";"423"
"SKU-01";"USN-01";"2023-08-09";"526"
