"SKU_ID";"Date";"Qte_commandee";"Unite"
"SKU-03";"2023-01-01";"210";"Unite"
"SKU-04";"2023-01-01";"168";"Unite"
"SKU-05";"2023-01-01";"72";"Unite"
"SKU-02";"2023-01-01";"205";"Unite"
"SKU-01";"2023-01-01";"235";"Unite"
"SKU-03";"2023-01-02";"155";"Unite"
"SKU-04";"2023-01-02";"101";"Unite"
"SKU-05";"2023-01-02";"135";"Unite"
"SKU-02";"2023-01-02";"147";"Unite"
"SKU-01";"2023-01-02";"280";"Unite"
"SKU-03";"2023-01-03";"131";"Unite"
"SKU-04";"2023-01-03";"147";"Unite"
"SKU-05";"2023-01-03";"177";"Unite"
"SKU-02";"2023-01-03";"201";"Unite"
"SKU-01";"2023-01-03";"269";"Unite"
"SKU-03";"2023-01-04";"141";"Unite"
"SKU-04";"2023-01-04";"154";"Unite"
"SKU-05";"2023-01-04";"149";"Unite"
"SKU-02";"2023-01-04";"161";"Unite"
"SKU-01";"2023-01-04";"245";"Unite"
"SKU-03";"2023-01-05";"204";"Unite"
"SKU-04";"2023-01-05";"172";"Unite"
"SKU-05";"2023-01-05";"111";"Unite"
"SKU-02";"2023-01-05";"152";"Unite"
"SKU-01";"2023-01-05";"291";"Unite"
"SKU-03";"2023-01-08";"188";"Unite"
"SKU-04";"2023-01-08";"194";"Unite"
"SKU-05";"2023-01-08";"55";"Unite"
"SKU-02";"2023-01-08";"245";"Unite"
"SKU-01";"2023-01-08";"243";"Unite"
"SKU-03";"2023-01-09";"150";"Unite"
"SKU-04";"2023-01-09";"95";"Unite"
"SKU-05";"2023-01-09";"128";"Unite"
"SKU-02";"2023-01-09";"198";"Unite"
"SKU-01";"2023-01-09";"246";"Unite"
"SKU-03";"2023-01-10";"217";"Unite"
"SKU-04";"2023-01-10";"134";"Unite"
"SKU-05";"2023-01-10";"134";"Unite"
"SKU-02";"2023-01-10";"193";"Unite"
"SKU-01";"2023-01-10";"206";"Unite"
"SKU-03";"2023-01-11";"211";"Unite"
"SKU-04";"2023-01-11";"149";"Unite"
"SKU-05";"2023-01-11";"107";"Unite"
"SKU-02";"2023-01-11";"220";"Unite"
"SKU-01";"2023-01-11";"256";"Unite"
"SKU-03";"2023-01-12";"209";"Unite"
"SKU-04";"2023-01-12";"156";"Unite"
"SKU-05";"2023-01-12";"146";"Unite"
"SKU-02";"2023-01-12";"183";"Unite"
"SKU-01";"2023-01-12";"279";"Unite"
"SKU-03";"2023-01-15";"206";"Unite"
"SKU-04";"2023-01-15";"223";"Unite"
"SKU-05";"2023-01-15";"139";"Unite"
"SKU-02";"2023-01-15";"184";"Unite"
"SKU-01";"2023-01-15";"304";"Unite"
"SKU-03";"2023-01-16";"210";"Unite"
"SKU-04";"2023-01-16";"180";"Unite"
"SKU-05";"2023-01-16";"165";"Unite"
"SKU-02";"2023-01-16";"222";"Unite"
"SKU-01";"2023-01-16";"288";"Unite"
"SKU-03";"2023-01-17";"157";"Unite"
"SKU-04";"2023-01-17";"166";"Unite"
"SKU-05";"2023-01-17";"159";"Unite"
"SKU-02";"2023-01-17";"180";"Unite"
"SKU-01";"2023-01-17";"269";"Unite"
"SKU-03";"2023-01-18";"156";"Unite"
"SKU-04";"2023-01-18";"170";"Unite"
"SKU-05";"2023-01-18";"125";"Unite"
"SKU-02";"2023-01-18";"172";"Unite"
"SKU-01";"2023-01-18";"283";"Unite"
"SKU-03";"2023-01-19";"242";"Unite"
"SKU-04";"2023-01-19";"179";"Unite"
"SKU-05";"2023-01-19";"113";"Unite"
"SKU-02";"2023-01-19";"166";"Unite"
"SKU-01";"2023-01-19";"278";"Unite"
"SKU-03";"2023-01-22";"180";"Unite"
"SKU-04";"2023-01-22";"162";"Unite"
"SKU-05";"2023-01-22";"150";"Unite"
"SKU-02";"2023-01-22";"215";"Unite"
"SKU-01";"2023-01-22";"271";"Unite"
"SKU-03";"2023-01-23";"119";"Unite"
"SKU-04";"2023-01-23";"156";"Unite"
"SKU-05";"2023-01-23";"54";"Unite"
"SKU-02";"2023-01-23";"224";"Unite"
"SKU-01";"2023-01-23";"244";"Unite"
"SKU-03";"2023-01-24";"263";"Unite"
"SKU-04";"2023-01-24";"129";"Unite"
"SKU-05";"2023-01-24";"183";"Unite"
"SKU-02";"2023-01-24";"190";"Unite"
"SKU-01";"2023-01-24";"219";"Unite"
"SKU-03";"2023-01-25";"238";"Unite"
"SKU-04";"2023-01-25";"155";"Unite"
"SKU-05";"2023-01-25";"115";"Unite"
"SKU-02";"2023-01-25";"166";"Unite"
"SKU-01";"2023-01-25";"286";"Unite"
"SKU-03";"2023-01-26";"150";"Unite"
"SKU-04";"2023-01-26";"191";"Unite"
"SKU-05";"2023-01-26";"116";"Unite"
"SKU-02";"2023-01-26";"245";"Unite"
"SKU-01";"2023-01-26";"299";"Unite"
"SKU-03";"2023-01-29";"228";"Unite"
"SKU-04";"2023-01-29";"143";"Unite"
"SKU-05";"2023-01-29";"106";"Unite"
"SKU-02";"2023-01-29";"194";"Unite"
"SKU-01";"2023-01-29";"297";"Unite"
"SKU-03";"2023-01-30";"148";"Unite"
"SKU-04";"2023-01-30";"136";"Unite"
"SKU-05";"2023-01-30";"142";"Unite"
"SKU-02";"2023-01-30";"233";"Unite"
"SKU-01";"2023-01-30";"261";"Unite"
"SKU-03";"2023-01-31";"228";"Unite"
"SKU-04";"2023-01-31";"214";"Unite"
"SKU-05";"2023-01-31";"153";"Unite"
"SKU-02";"2023-01-31";"251";"Unite"
"SKU-01";"2023-01-31";"274";"Unite"
"SKU-03";"2023-02-01";"144";"Unite"
"SKU-04";"2023-02-01";"160";"Unite"
"SKU-05";"2023-02-01";"203";"Unite"
"SKU-02";"2023-02-01";"240";"Unite"
"SKU-01";"2023-02-01";"257";"Unite"
"SKU-03";"2023-02-02";"173";"Unite"
"SKU-04";"2023-02-02";"167";"Unite"
"SKU-05";"2023-02-02";"66";"Unite"
"SKU-02";"2023-02-02";"240";"Unite"
"SKU-01";"2023-02-02";"307";"Unite"
"SKU-03";"2023-02-05";"193";"Unite"
"SKU-04";"2023-02-05";"182";"Unite"
"SKU-05";"2023-02-05";"169";"Unite"
"SKU-02";"2023-02-05";"195";"Unite"
"SKU-01";"2023-02-05";"293";"Unite"
"SKU-03";"2023-02-06";"203";"Unite"
"SKU-04";"2023-02-06";"196";"Unite"
"SKU-05";"2023-02-06";"94";"Unite"
"SKU-02";"2023-02-06";"240";"Unite"
"SKU-01";"2023-02-06";"327";"Unite"
"SKU-03";"2023-02-07";"198";"Unite"
"SKU-04";"2023-02-07";"179";"Unite"
"SKU-05";"2023-02-07";"169";"Unite"
"SKU-02";"2023-02-07";"252";"Unite"
"SKU-01";"2023-02-07";"308";"Unite"
"SKU-03";"2023-02-08";"233";"Unite"
"SKU-04";"2023-02-08";"162";"Unite"
"SKU-05";"2023-02-08";"86";"Unite"
"SKU-02";"2023-02-08";"284";"Unite"
"SKU-01";"2023-02-08";"339";"Unite"
"SKU-03";"2023-02-09";"169";"Unite"
"SKU-04";"2023-02-09";"161";"Unite"
"SKU-05";"2023-02-09";"149";"Unite"
"SKU-02";"2023-02-09";"193";"Unite"
"SKU-01";"2023-02-09";"290";"Unite"
"SKU-03";"2023-02-12";"166";"Unite"
"SKU-04";"2023-02-12";"154";"Unite"
"SKU-05";"2023-02-12";"199";"Unite"
"SKU-02";"2023-02-12";"227";"Unite"
"SKU-01";"2023-02-12";"350";"Unite"
"SKU-03";"2023-02-13";"132";"Unite"
"SKU-04";"2023-02-13";"199";"Unite"
"SKU-05";"2023-02-13";"186";"Unite"
"SKU-02";"2023-02-13";"181";"Unite"
"SKU-01";"2023-02-13";"286";"Unite"
"SKU-03";"2023-02-14";"217";"Unite"
"SKU-04";"2023-02-14";"142";"Unite"
"SKU-05";"2023-02-14";"109";"Unite"
"SKU-02";"2023-02-14";"213";"Unite"
"SKU-01";"2023-02-14";"318";"Unite"
"SKU-03";"2023-02-15";"189";"Unite"
"SKU-04";"2023-02-15";"126";"Unite"
"SKU-05";"2023-02-15";"159";"Unite"
"SKU-02";"2023-02-15";"182";"Unite"
"SKU-01";"2023-02-15";"233";"Unite"
"SKU-03";"2023-02-16";"180";"Unite"
"SKU-04";"2023-02-16";"202";"Unite"
"SKU-05";"2023-02-16";"137";"Unite"
"SKU-02";"2023-02-16";"185";"Unite"
"SKU-01";"2023-02-16";"293";"Unite"
"SKU-03";"2023-02-19";"158";"Unite"
"SKU-04";"2023-02-19";"150";"Unite"
"SKU-05";"2023-02-19";"183";"Unite"
"SKU-02";"2023-02-19";"233";"Unite"
"SKU-01";"2023-02-19";"271";"Unite"
"SKU-03";"2023-02-20";"189";"Unite"
"SKU-04";"2023-02-20";"218";"Unite"
"SKU-05";"2023-02-20";"122";"Unite"
"SKU-02";"2023-02-20";"296";"Unite"
"SKU-01";"2023-02-20";"367";"Unite"
"SKU-03";"2023-02-21";"217";"Unite"
"SKU-04";"2023-02-21";"156";"Unite"
"SKU-05";"2023-02-21";"145";"Unite"
"SKU-02";"2023-02-21";"196";"Unite"
"SKU-01";"2023-02-21";"298";"Unite"
"SKU-03";"2023-02-22";"131";"Unite"
"SKU-04";"2023-02-22";"121";"Unite"
"SKU-05";"2023-02-22";"122";"Unite"
"SKU-02";"2023-02-22";"245";"Unite"
"SKU-01";"2023-02-22";"328";"Unite"
"SKU-03";"2023-02-23";"156";"Unite"
"SKU-04";"2023-02-23";"167";"Unite"
"SKU-05";"2023-02-23";"81";"Unite"
"SKU-02";"2023-02-23";"279";"Unite"
"SKU-01";"2023-02-23";"335";"Unite"
"SKU-03";"2023-02-26";"142";"Unite"
"SKU-04";"2023-02-26";"176";"Unite"
"SKU-05";"2023-02-26";"125";"Unite"
"SKU-02";"2023-02-26";"238";"Unite"
"SKU-01";"2023-02-26";"380";"Unite"
"SKU-03";"2023-02-27";"191";"Unite"
"SKU-04";"2023-02-27";"228";"Unite"
"SKU-05";"2023-02-27";"175";"Unite"
"SKU-02";"2023-02-27";"274";"Unite"
"SKU-01";"2023-02-27";"308";"Unite"
"SKU-03";"2023-02-28";"265";"Unite"
"SKU-04";"2023-02-28";"144";"Unite"
"SKU-05";"2023-02-28";"125";"Unite"
"SKU-02";"2023-02-28";"186";"Unite"
"SKU-01";"2023-02-28";"394";"Unite"
"SKU-03";"2023-03-01";"235";"Unite"
"SKU-04";"2023-03-01";"126";"Unite"
"SKU-05";"2023-03-01";"311";"Unite"
"SKU-02";"2023-03-01";"242";"Unite"
"SKU-01";"2023-03-01";"377";"Unite"
"SKU-03";"2023-03-02";"267";"Unite"
"SKU-04";"2023-03-02";"193";"Unite"
"SKU-05";"2023-03-02";"148";"Unite"
"SKU-02";"2023-03-02";"181";"Unite"
"SKU-01";"2023-03-02";"457";"Unite"
"SKU-03";"2023-03-05";"147";"Unite"
"SKU-04";"2023-03-05";"220";"Unite"
"SKU-05";"2023-03-05";"172";"Unite"
"SKU-02";"2023-03-05";"322";"Unite"
"SKU-01";"2023-03-05";"463";"Unite"
"SKU-03";"2023-03-06";"323";"Unite"
"SKU-04";"2023-03-06";"179";"Unite"
"SKU-05";"2023-03-06";"279";"Unite"
"SKU-02";"2023-03-06";"349";"Unite"
"SKU-01";"2023-03-06";"452";"Unite"
"SKU-03";"2023-03-07";"278";"Unite"
"SKU-04";"2023-03-07";"132";"Unite"
"SKU-05";"2023-03-07";"273";"Unite"
"SKU-02";"2023-03-07";"308";"Unite"
"SKU-01";"2023-03-07";"403";"Unite"
"SKU-03";"2023-03-08";"223";"Unite"
"SKU-04";"2023-03-08";"232";"Unite"
"SKU-05";"2023-03-08";"260";"Unite"
"SKU-02";"2023-03-08";"262";"Unite"
"SKU-01";"2023-03-08";"451";"Unite"
"SKU-03";"2023-03-09";"209";"Unite"
"SKU-04";"2023-03-09";"169";"Unite"
"SKU-05";"2023-03-09";"196";"Unite"
"SKU-02";"2023-03-09";"201";"Unite"
"SKU-01";"2023-03-09";"314";"Unite"
"SKU-03";"2023-03-12";"227";"Unite"
"SKU-04";"2023-03-12";"175";"Unite"
"SKU-05";"2023-03-12";"244";"Unite"
"SKU-02";"2023-03-12";"330";"Unite"
"SKU-01";"2023-03-12";"369";"Unite"
"SKU-03";"2023-03-13";"240";"Unite"
"SKU-04";"2023-03-13";"206";"Unite"
"SKU-05";"2023-03-13";"168";"Unite"
"SKU-02";"2023-03-13";"284";"Unite"
"SKU-01";"2023-03-13";"473";"Unite"
"SKU-03";"2023-03-14";"226";"Unite"
"SKU-04";"2023-03-14";"220";"Unite"
"SKU-05";"2023-03-14";"154";"Unite"
"SKU-02";"2023-03-14";"336";"Unite"
"SKU-01";"2023-03-14";"304";"Unite"
"SKU-03";"2023-03-15";"170";"Unite"
"SKU-04";"2023-03-15";"187";"Unite"
"SKU-05";"2023-03-15";"213";"Unite"
"SKU-02";"2023-03-15";"262";"Unite"
"SKU-01";"2023-03-15";"428";"Unite"
"SKU-03";"2023-03-16";"147";"Unite"
"SKU-04";"2023-03-16";"194";"Unite"
"SKU-05";"2023-03-16";"255";"Unite"
"SKU-02";"2023-03-16";"329";"Unite"
"SKU-01";"2023-03-16";"464";"Unite"
"SKU-03";"2023-03-19";"211";"Unite"
"SKU-04";"2023-03-19";"155";"Unite"
"SKU-05";"2023-03-19";"268";"Unite"
"SKU-02";"2023-03-19";"320";"Unite"
"SKU-01";"2023-03-19";"357";"Unite"
"SKU-03";"2023-03-20";"179";"Unite"
"SKU-04";"2023-03-20";"188";"Unite"
"SKU-05";"2023-03-20";"179";"Unite"
"SKU-02";"2023-03-20";"277";"Unite"
"SKU-01";"2023-03-20";"534";"Unite"
"SKU-03";"2023-03-21";"181";"Unite"
"SKU-04";"2023-03-21";"200";"Unite"
"SKU-05";"2023-03-21";"250";"Unite"
"SKU-02";"2023-03-21";"218";"Unite"
"SKU-01";"2023-03-21";"506";"Unite"
"SKU-03";"2023-03-22";"234";"Unite"
"SKU-04";"2023-03-22";"197";"Unite"
"SKU-05";"2023-03-22";"303";"Unite"
"SKU-02";"2023-03-22";"293";"Unite"
"SKU-01";"2023-03-22";"505";"Unite"
"SKU-03";"2023-03-23";"161";"Unite"
"SKU-04";"2023-03-23";"137";"Unite"
"SKU-05";"2023-03-23";"231";"Unite"
"SKU-02";"2023-03-23";"281";"Unite"
"SKU-01";"2023-03-23";"456";"Unite"
"SKU-03";"2023-03-26";"262";"Unite"
"SKU-04";"2023-03-26";"186";"Unite"
"SKU-05";"2023-03-26";"211";"Unite"
"SKU-02";"2023-03-26";"321";"Unite"
"SKU-01";"2023-03-26";"528";"Unite"
"SKU-03";"2023-03-27";"199";"Unite"
"SKU-04";"2023-03-27";"207";"Unite"
"SKU-05";"2023-03-27";"254";"Unite"
"SKU-02";"2023-03-27";"320";"Unite"
"SKU-01";"2023-03-27";"453";"Unite"
"SKU-03";"2023-03-28";"318";"Unite"
"SKU-04";"2023-03-28";"213";"Unite"
"SKU-05";"2023-03-28";"168";"Unite"
"SKU-02";"2023-03-28";"351";"Unite"
"SKU-01";"2023-03-28";"493";"Unite"
"SKU-03";"2023-03-29";"197";"Unite"
"SKU-04";"2023-03-29";"143";"Unite"
"SKU-05";"2023-03-29";"120";"Unite"
"SKU-02";"2023-03-29";"336";"Unite"
"SKU-01";"2023-03-29";"479";"Unite"
"SKU-03";"2023-03-30";"239";"Unite"
"SKU-04";"2023-03-30";"152";"Unite"
"SKU-05";"2023-03-30";"261";"Unite"
"SKU-02";"2023-03-30";"340";"Unite"
"SKU-01";"2023-03-30";"522";"Unite"
"SKU-03";"2023-04-02";"319";"Unite"
"SKU-04";"2023-04-02";"196";"Unite"
"SKU-05";"2023-04-02";"214";"Unite"
"SKU-02";"2023-04-02";"425";"Unite"
"SKU-01";"2023-04-02";"581";"Unite"
"SKU-03";"2023-04-03";"192";"Unite"
"SKU-04";"2023-04-03";"231";"Unite"
"SKU-05";"2023-04-03";"239";"Unite"
"SKU-02";"2023-04-03";"497";"Unite"
"SKU-01";"2023-04-03";"605";"Unite"
"SKU-03";"2023-04-04";"317";"Unite"
"SKU-04";"2023-04-04";"226";"Unite"
"SKU-05";"2023-04-04";"395";"Unite"
"SKU-02";"2023-04-04";"465";"Unite"
"SKU-01";"2023-04-04";"613";"Unite"
"SKU-03";"2023-04-05";"266";"Unite"
"SKU-04";"2023-04-05";"180";"Unite"
"SKU-05";"2023-04-05";"222";"Unite"
"SKU-02";"2023-04-05";"370";"Unite"
"SKU-01";"2023-04-05";"648";"Unite"
"SKU-03";"2023-04-06";"273";"Unite"
"SKU-04";"2023-04-06";"234";"Unite"
"SKU-05";"2023-04-06";"392";"Unite"
"SKU-02";"2023-04-06";"433";"Unite"
"SKU-01";"2023-04-06";"473";"Unite"
"SKU-03";"2023-04-09";"240";"Unite"
"SKU-04";"2023-04-09";"188";"Unite"
"SKU-05";"2023-04-09";"346";"Unite"
"SKU-02";"2023-04-09";"372";"Unite"
"SKU-01";"2023-04-09";"625";"Unite"
"SKU-03";"2023-04-10";"274";"Unite"
"SKU-04";"2023-04-10";"170";"Unite"
"SKU-05";"2023-04-10";"284";"Unite"
"SKU-02";"2023-04-10";"335";"Unite"
"SKU-01";"2023-04-10";"507";"Unite"
"SKU-03";"2023-04-11";"199";"Unite"
"SKU-04";"2023-04-11";"103";"Unite"
"SKU-05";"2023-04-11";"307";"Unite"
"SKU-02";"2023-04-11";"301";"Unite"
"SKU-01";"2023-04-11";"593";"Unite"
"SKU-03";"2023-04-12";"309";"Unite"
"SKU-04";"2023-04-12";"192";"Unite"
"SKU-05";"2023-04-12";"237";"Unite"
"SKU-02";"2023-04-12";"347";"Unite"
"SKU-01";"2023-04-12";"712";"Unite"
"SKU-03";"2023-04-13";"236";"Unite"
"SKU-04";"2023-04-13";"211";"Unite"
"SKU-05";"2023-04-13";"377";"Unite"
"SKU-02";"2023-04-13";"478";"Unite"
"SKU-01";"2023-04-13";"549";"Unite"
"SKU-03";"2023-04-16";"169";"Unite"
"SKU-04";"2023-04-16";"243";"Unite"
"SKU-05";"2023-04-16";"259";"Unite"
"SKU-02";"2023-04-16";"347";"Unite"
"SKU-01";"2023-04-16";"658";"Unite"
"SKU-03";"2023-04-17";"200";"Unite"
"SKU-04";"2023-04-17";"248";"Unite"
"SKU-05";"2023-04-17";"267";"Unite"
"SKU-02";"2023-04-17";"396";"Unite"
"SKU-01";"2023-04-17";"642";"Unite"
"SKU-03";"2023-04-18";"265";"Unite"
"SKU-04";"2023-04-18";"218";"Unite"
"SKU-05";"2023-04-18";"253";"Unite"
"SKU-02";"2023-04-18";"381";"Unite"
"SKU-01";"2023-04-18";"468";"Unite"
"SKU-03";"2023-04-19";"270";"Unite"
"SKU-04";"2023-04-19";"170";"Unite"
"SKU-05";"2023-04-19";"256";"Unite"
"SKU-02";"2023-04-19";"369";"Unite"
"SKU-01";"2023-04-19";"513";"Unite"
"SKU-03";"2023-04-20";"180";"Unite"
"SKU-04";"2023-04-20";"78";"Unite"
"SKU-05";"2023-04-20";"370";"Unite"
"SKU-02";"2023-04-20";"381";"Unite"
"SKU-01";"2023-04-20";"543";"Unite"
"SKU-03";"2023-04-23";"239";"Unite"
"SKU-04";"2023-04-23";"181";"Unite"
"SKU-05";"2023-04-23";"302";"Unite"
"SKU-02";"2023-04-23";"321";"Unite"
"SKU-01";"2023-04-23";"561";"Unite"
"SKU-03";"2023-04-24";"155";"Unite"
"SKU-04";"2023-04-24";"191";"Unite"
"SKU-05";"2023-04-24";"287";"Unite"
"SKU-02";"2023-04-24";"448";"Unite"
"SKU-01";"2023-04-24";"628";"Unite"
"SKU-03";"2023-04-25";"271";"Unite"
"SKU-04";"2023-04-25";"254";"Unite"
"SKU-05";"2023-04-25";"294";"Unite"
"SKU-02";"2023-04-25";"369";"Unite"
"SKU-01";"2023-04-25";"523";"Unite"
"SKU-03";"2023-04-26";"327";"Unite"
"SKU-04";"2023-04-26";"210";"Unite"
"SKU-05";"2023-04-26";"379";"Unite"
"SKU-02";"2023-04-26";"203";"Unite"
"SKU-01";"2023-04-26";"631";"Unite"
"SKU-03";"2023-04-27";"311";"Unite"
"SKU-04";"2023-04-27";"215";"Unite"
"SKU-05";"2023-04-27";"119";"Unite"
"SKU-02";"2023-04-27";"406";"Unite"
"SKU-01";"2023-04-27";"592";"Unite"
"SKU-03";"2023-04-30";"242";"Unite"
"SKU-04";"2023-04-30";"238";"Unite"
"SKU-05";"2023-04-30";"378";"Unite"
"SKU-02";"2023-04-30";"411";"Unite"
"SKU-01";"2023-04-30";"604";"Unite"
"SKU-03";"2023-05-01";"274";"Unite"
"SKU-04";"2023-05-01";"162";"Unite"
"SKU-05";"2023-05-01";"188";"Unite"
"SKU-02";"2023-05-01";"185";"Unite"
"SKU-01";"2023-05-01";"459";"Unite"
"SKU-03";"2023-05-02";"216";"Unite"
"SKU-04";"2023-05-02";"187";"Unite"
"SKU-05";"2023-05-02";"208";"Unite"
"SKU-02";"2023-05-02";"302";"Unite"
"SKU-01";"2023-05-02";"463";"Unite"
"SKU-03";"2023-05-03";"224";"Unite"
"SKU-04";"2023-05-03";"150";"Unite"
"SKU-05";"2023-05-03";"251";"Unite"
"SKU-02";"2023-05-03";"318";"Unite"
"SKU-01";"2023-05-03";"474";"Unite"
"SKU-03";"2023-05-04";"203";"Unite"
"SKU-04";"2023-05-04";"184";"Unite"
"SKU-05";"2023-05-04";"219";"Unite"
"SKU-02";"2023-05-04";"312";"Unite"
"SKU-01";"2023-05-04";"380";"Unite"
"SKU-03";"2023-05-07";"214";"Unite"
"SKU-04";"2023-05-07";"200";"Unite"
"SKU-05";"2023-05-07";"108";"Unite"
"SKU-02";"2023-05-07";"247";"Unite"
"SKU-01";"2023-05-07";"509";"Unite"
"SKU-03";"2023-05-08";"164";"Unite"
"SKU-04";"2023-05-08";"209";"Unite"
"SKU-05";"2023-05-08";"209";"Unite"
"SKU-02";"2023-05-08";"264";"Unite"
"SKU-01";"2023-05-08";"328";"Unite"
"SKU-03";"2023-05-09";"160";"Unite"
"SKU-04";"2023-05-09";"132";"Unite"
"SKU-05";"2023-05-09";"156";"Unite"
"SKU-02";"2023-05-09";"297";"Unite"
"SKU-01";"2023-05-09";"357";"Unite"
"SKU-03";"2023-05-10";"184";"Unite"
"SKU-04";"2023-05-10";"185";"Unite"
"SKU-05";"2023-05-10";"132";"Unite"
"SKU-02";"2023-05-10";"281";"Unite"
"SKU-01";"2023-05-10";"468";"Unite"
"SKU-03";"2023-05-11";"240";"Unite"
"SKU-04";"2023-05-11";"160";"Unite"
"SKU-05";"2023-05-11";"281";"Unite"
"SKU-02";"2023-05-11";"267";"Unite"
"SKU-01";"2023-05-11";"391";"Unite"
"SKU-03";"2023-05-14";"214";"Unite"
"SKU-04";"2023-05-14";"169";"Unite"
"SKU-05";"2023-05-14";"149";"Unite"
"SKU-02";"2023-05-14";"232";"Unite"
"SKU-01";"2023-05-14";"484";"Unite"
"SKU-03";"2023-05-15";"193";"Unite"
"SKU-04";"2023-05-15";"202";"Unite"
"SKU-05";"2023-05-15";"157";"Unite"
"SKU-02";"2023-05-15";"251";"Unite"
"SKU-01";"2023-05-15";"433";"Unite"
"SKU-03";"2023-05-16";"226";"Unite"
"SKU-04";"2023-05-16";"135";"Unite"
"SKU-05";"2023-05-16";"194";"Unite"
"SKU-02";"2023-05-16";"284";"Unite"
"SKU-01";"2023-05-16";"423";"Unite"
"SKU-03";"2023-05-17";"245";"Unite"
"SKU-04";"2023-05-17";"252";"Unite"
"SKU-05";"2023-05-17";"185";"Unite"
"SKU-02";"2023-05-17";"302";"Unite"
"SKU-01";"2023-05-17";"445";"Unite"
"SKU-03";"2023-05-18";"188";"Unite"
"SKU-04";"2023-05-18";"158";"Unite"
"SKU-05";"2023-05-18";"203";"Unite"
"SKU-02";"2023-05-18";"257";"Unite"
"SKU-01";"2023-05-18";"296";"Unite"
"SKU-03";"2023-05-21";"281";"Unite"
"SKU-04";"2023-05-21";"168";"Unite"
"SKU-05";"2023-05-21";"159";"Unite"
"SKU-02";"2023-05-21";"290";"Unite"
"SKU-01";"2023-05-21";"405";"Unite"
"SKU-03";"2023-05-22";"355";"Unite"
"SKU-04";"2023-05-22";"184";"Unite"
"SKU-05";"2023-05-22";"188";"Unite"
"SKU-02";"2023-05-22";"333";"Unite"
"SKU-01";"2023-05-22";"382";"Unite"
"SKU-03";"2023-05-23";"184";"Unite"
"SKU-04";"2023-05-23";"105";"Unite"
"SKU-05";"2023-05-23";"204";"Unite"
"SKU-02";"2023-05-23";"182";"Unite"
"SKU-01";"2023-05-23";"396";"Unite"
"SKU-03";"2023-05-24";"205";"Unite"
"SKU-04";"2023-05-24";"144";"Unite"
"SKU-05";"2023-05-24";"208";"Unite"
"SKU-02";"2023-05-24";"264";"Unite"
"SKU-01";"2023-05-24";"454";"Unite"
"SKU-03";"2023-05-25";"264";"Unite"
"SKU-04";"2023-05-25";"168";"Unite"
"SKU-05";"2023-05-25";"192";"Unite"
"SKU-02";"2023-05-25";"298";"Unite"
"SKU-01";"2023-05-25";"442";"Unite"
"SKU-03";"2023-05-28";"238";"Unite"
"SKU-04";"2023-05-28";"146";"Unite"
"SKU-05";"2023-05-28";"223";"Unite"
"SKU-02";"2023-05-28";"326";"Unite"
"SKU-01";"2023-05-28";"375";"Unite"
"SKU-03";"2023-05-29";"179";"Unite"
"SKU-04";"2023-05-29";"161";"Unite"
"SKU-05";"2023-05-29";"90";"Unite"
"SKU-02";"2023-05-29";"289";"Unite"
"SKU-01";"2023-05-29";"461";"Unite"
"SKU-03";"2023-05-30";"246";"Unite"
"SKU-04";"2023-05-30";"215";"Unite"
"SKU-05";"2023-05-30";"111";"Unite"
"SKU-02";"2023-05-30";"347";"Unite"
"SKU-01";"2023-05-30";"462";"Unite"
"SKU-03";"2023-05-31";"193";"Unite"
"SKU-04";"2023-05-31";"182";"Unite"
"SKU-05";"2023-05-31";"256";"Unite"
"SKU-02";"2023-05-31";"295";"Unite"
"SKU-01";"2023-05-31";"407";"Unite"
"SKU-03";"2023-06-01";"225";"Unite"
"SKU-04";"2023-06-01";"226";"Unite"
"SKU-05";"2023-06-01";"221";"Unite"
"SKU-02";"2023-06-01";"280";"Unite"
"SKU-01";"2023-06-01";"461";"Unite"
"SKU-03";"2023-06-04";"239";"Unite"
"SKU-04";"2023-06-04";"160";"Unite"
"SKU-05";"2023-06-04";"220";"Unite"
"SKU-02";"2023-06-04";"340";"Unite"
"SKU-01";"2023-06-04";"449";"Unite"
"SKU-03";"2023-06-05";"263";"Unite"
"SKU-04";"2023-06-05";"124";"Unite"
"SKU-05";"2023-06-05";"129";"Unite"
"SKU-02";"2023-06-05";"293";"Unite"
"SKU-01";"2023-06-05";"471";"Unite"
"SKU-03";"2023-06-06";"171";"Unite"
"SKU-04";"2023-06-06";"106";"Unite"
"SKU-05";"2023-06-06";"267";"Unite"
"SKU-02";"2023-06-06";"295";"Unite"
"SKU-01";"2023-06-06";"481";"Unite"
"SKU-03";"2023-06-07";"268";"Unite"
"SKU-04";"2023-06-07";"131";"Unite"
"SKU-05";"2023-06-07";"137";"Unite"
"SKU-02";"2023-06-07";"338";"Unite"
"SKU-01";"2023-06-07";"507";"Unite"
"SKU-03";"2023-06-08";"205";"Unite"
"SKU-04";"2023-06-08";"196";"Unite"
"SKU-05";"2023-06-08";"201";"Unite"
"SKU-02";"2023-06-08";"296";"Unite"
"SKU-01";"2023-06-08";"452";"Unite"
"SKU-03";"2023-06-11";"220";"Unite"
"SKU-04";"2023-06-11";"155";"Unite"
"SKU-05";"2023-06-11";"139";"Unite"
"SKU-02";"2023-06-11";"349";"Unite"
"SKU-01";"2023-06-11";"523";"Unite"
"SKU-03";"2023-06-12";"243";"Unite"
"SKU-04";"2023-06-12";"121";"Unite"
"SKU-05";"2023-06-12";"182";"Unite"
"SKU-02";"2023-06-12";"278";"Unite"
"SKU-01";"2023-06-12";"548";"Unite"
"SKU-03";"2023-06-13";"234";"Unite"
"SKU-04";"2023-06-13";"225";"Unite"
"SKU-05";"2023-06-13";"182";"Unite"
"SKU-02";"2023-06-13";"281";"Unite"
"SKU-01";"2023-06-13";"489";"Unite"
"SKU-03";"2023-06-14";"153";"Unite"
"SKU-04";"2023-06-14";"128";"Unite"
"SKU-05";"2023-06-14";"132";"Unite"
"SKU-02";"2023-06-14";"255";"Unite"
"SKU-01";"2023-06-14";"630";"Unite"
"SKU-03";"2023-06-15";"250";"Unite"
"SKU-04";"2023-06-15";"119";"Unite"
"SKU-05";"2023-06-15";"219";"Unite"
"SKU-02";"2023-06-15";"335";"Unite"
"SKU-01";"2023-06-15";"365";"Unite"
"SKU-03";"2023-06-18";"195";"Unite"
"SKU-04";"2023-06-18";"167";"Unite"
"SKU-05";"2023-06-18";"236";"Unite"
"SKU-02";"2023-06-18";"274";"Unite"
"SKU-01";"2023-06-18";"480";"Unite"
"SKU-03";"2023-06-19";"304";"Unite"
"SKU-04";"2023-06-19";"200";"Unite"
"SKU-05";"2023-06-19";"144";"Unite"
"SKU-02";"2023-06-19";"259";"Unite"
"SKU-01";"2023-06-19";"433";"Unite"
"SKU-03";"2023-06-20";"283";"Unite"
"SKU-04";"2023-06-20";"153";"Unite"
"SKU-05";"2023-06-20";"184";"Unite"
"SKU-02";"2023-06-20";"272";"Unite"
"SKU-01";"2023-06-20";"451";"Unite"
"SKU-03";"2023-06-21";"235";"Unite"
"SKU-04";"2023-06-21";"132";"Unite"
"SKU-05";"2023-06-21";"157";"Unite"
"SKU-02";"2023-06-21";"351";"Unite"
"SKU-01";"2023-06-21";"470";"Unite"
"SKU-03";"2023-06-22";"234";"Unite"
"SKU-04";"2023-06-22";"160";"Unite"
"SKU-05";"2023-06-22";"223";"Unite"
"SKU-02";"2023-06-22";"274";"Unite"
"SKU-01";"2023-06-22";"559";"Unite"
"SKU-03";"2023-06-25";"157";"Unite"
"SKU-04";"2023-06-25";"216";"Unite"
"SKU-05";"2023-06-25";"204";"Unite"
"SKU-02";"2023-06-25";"255";"Unite"
"SKU-01";"2023-06-25";"535";"Unite"
"SKU-03";"2023-06-26";"341";"Unite"
"SKU-04";"2023-06-26";"249";"Unite"
"SKU-05";"2023-06-26";"293";"Unite"
"SKU-02";"2023-06-26";"332";"Unite"
"SKU-01";"2023-06-26";"545";"Unite"
"SKU-03";"2023-06-27";"208";"Unite"
"SKU-04";"2023-06-27";"189";"Unite"
"SKU-05";"2023-06-27";"107";"Unite"
"SKU-02";"2023-06-27";"308";"Unite"
"SKU-01";"2023-06-27";"322";"Unite"
"SKU-03";"2023-06-28";"214";"Unite"
"SKU-04";"2023-06-28";"168";"Unite"
"SKU-05";"2023-06-28";"231";"Unite"
"SKU-02";"2023-06-28";"337";"Unite"
"SKU-01";"2023-06-28";"489";"Unite"
"SKU-03";"2023-06-29";"235";"Unite"
"SKU-04";"2023-06-29";"214";"Unite"
"SKU-05";"2023-06-29";"146";"Unite"
"SKU-02";"2023-06-29";"324";"Unite"
"SKU-01";"2023-06-29";"499";"Unite"
"SKU-03";"2023-07-02";"297";"Unite"
"SKU-04";"2023-07-02";"134";"Unite"
"SKU-05";"2023-07-02";"192";"Unite"
"SKU-02";"2023-07-02";"332";"Unite"
"SKU-01";"2023-07-02";"475";"Unite"
"SKU-03";"2023-07-03";"270";"Unite"
"SKU-04";"2023-07-03";"197";"Unite"
"SKU-05";"2023-07-03";"286";"Unite"
"SKU-02";"2023-07-03";"283";"Unite"
"SKU-01";"2023-07-03";"471";"Unite"
"SKU-03";"2023-07-04";"267";"Unite"
"SKU-04";"2023-07-04";"151";"Unite"
"SKU-05";"2023-07-04";"246";"Unite"
"SKU-02";"2023-07-04";"303";"Unite"
"SKU-01";"2023-07-04";"476";"Unite"
"SKU-03";"2023-07-05";"238";"Unite"
"SKU-04";"2023-07-05";"164";"Unite"
"SKU-05";"2023-07-05";"338";"Unite"
"SKU-02";"2023-07-05";"390";"Unite"
"SKU-01";"2023-07-05";"537";"Unite"
"SKU-03";"2023-07-06";"191";"Unite"
"SKU-04";"2023-07-06";"213";"Unite"
"SKU-05";"2023-07-06";"227";"Unite"
"SKU-02";"2023-07-06";"246";"Unite"
"SKU-01";"2023-07-06";"606";"Unite"
"SKU-03";"2023-07-09";"341";"Unite"
"SKU-04";"2023-07-09";"209";"Unite"
"SKU-05";"2023-07-09";"203";"Unite"
"SKU-02";"2023-07-09";"340";"Unite"
"SKU-01";"2023-07-09";"464";"Unite"
"SKU-03";"2023-07-10";"243";"Unite"
"SKU-04";"2023-07-10";"122";"Unite"
"SKU-05";"2023-07-10";"229";"Unite"
"SKU-02";"2023-07-10";"218";"Unite"
"SKU-01";"2023-07-10";"490";"Unite"
"SKU-03";"2023-07-11";"301";"Unite"
"SKU-04";"2023-07-11";"234";"Unite"
"SKU-05";"2023-07-11";"168";"Unite"
"SKU-02";"2023-07-11";"278";"Unite"
"SKU-01";"2023-07-11";"512";"Unite"
"SKU-03";"2023-07-12";"222";"Unite"
"SKU-04";"2023-07-12";"130";"Unite"
"SKU-05";"2023-07-12";"252";"Unite"
"SKU-02";"2023-07-12";"354";"Unite"
"SKU-01";"2023-07-12";"412";"Unite"
"SKU-03";"2023-07-13";"240";"Unite"
"SKU-04";"2023-07-13";"190";"Unite"
"SKU-05";"2023-07-13";"179";"Unite"
"SKU-02";"2023-07-13";"306";"Unite"
"SKU-01";"2023-07-13";"558";"Unite"
"SKU-03";"2023-07-16";"277";"Unite"
"SKU-04";"2023-07-16";"146";"Unite"
"SKU-05";"2023-07-16";"189";"Unite"
"SKU-02";"2023-07-16";"376";"Unite"
"SKU-01";"2023-07-16";"573";"Unite"
"SKU-03";"2023-07-17";"268";"Unite"
"SKU-04";"2023-07-17";"177";"Unite"
"SKU-05";"2023-07-17";"150";"Unite"
"SKU-02";"2023-07-17";"233";"Unite"
"SKU-01";"2023-07-17";"462";"Unite"
"SKU-03";"2023-07-18";"312";"Unite"
"SKU-04";"2023-07-18";"166";"Unite"
"SKU-05";"2023-07-18";"237";"Unite"
"SKU-02";"2023-07-18";"290";"Unite"
"SKU-01";"2023-07-18";"483";"Unite"
"SKU-03";"2023-07-19";"270";"Unite"
"SKU-04";"2023-07-19";"181";"Unite"
"SKU-05";"2023-07-19";"199";"Unite"
"SKU-02";"2023-07-19";"289";"Unite"
"SKU-01";"2023-07-19";"515";"Unite"
"SKU-03";"2023-07-20";"295";"Unite"
"SKU-04";"2023-07-20";"234";"Unite"
"SKU-05";"2023-07-20";"259";"Unite"
"SKU-02";"2023-07-20";"373";"Unite"
"SKU-01";"2023-07-20";"441";"Unite"
"SKU-03";"2023-07-23";"211";"Unite"
"SKU-04";"2023-07-23";"161";"Unite"
"SKU-05";"2023-07-23";"251";"Unite"
"SKU-02";"2023-07-23";"357";"Unite"
"SKU-01";"2023-07-23";"587";"Unite"
"SKU-03";"2023-07-24";"236";"Unite"
"SKU-04";"2023-07-24";"205";"Unite"
"SKU-05";"2023-07-24";"198";"Unite"
"SKU-02";"2023-07-24";"244";"Unite"
"SKU-01";"2023-07-24";"607";"Unite"
"SKU-03";"2023-07-25";"343";"Unite"
"SKU-04";"2023-07-25";"195";"Unite"
"SKU-05";"2023-07-25";"265";"Unite"
"SKU-02";"2023-07-25";"257";"Unite"
"SKU-01";"2023-07-25";"590";"Unite"
"SKU-03";"2023-07-26";"283";"Unite"
"SKU-04";"2023-07-26";"124";"Unite"
"SKU-05";"2023-07-26";"263";"Unite"
"SKU-02";"2023-07-26";"333";"Unite"
"SKU-01";"2023-07-26";"511";"Unite"
"SKU-03";"2023-07-27";"281";"Unite"
"SKU-04";"2023-07-27";"199";"Unite"
"SKU-05";"2023-07-27";"137";"Unite"
"SKU-02";"2023-07-27";"280";"Unite"
"SKU-01";"2023-07-27";"491";"Unite"
"SKU-03";"2023-07-30";"290";"Unite"
"SKU-04";"2023-07-30";"171";"Unite"
"SKU-05";"2023-07-30";"241";"Unite"
"SKU-02";"2023-07-30";"392";"Unite"
"SKU-01";"2023-07-30";"518";"Unite"
"SKU-03";"2023-07-31";"197";"Unite"
"SKU-04";"2023-07-31";"135";"Unite"
"SKU-05";"2023-07-31";"169";"Unite"
"SKU-02";"2023-07-31";"295";"Unite"
"SKU-01";"2023-07-31";"461";"Unite"
"SKU-03";"2023-08-01";"213";"Unite"
"SKU-04";"2023-08-01";"191";"Unite"
"SKU-05";"2023-08-01";"327";"Unite"
"SKU-02";"2023-08-01";"275";"Unite"
"SKU-01";"2023-08-01";"508";"Unite"
"SKU-03";"2023-08-02";"186";"Unite"
"SKU-04";"2023-08-02";"183";"Unite"
"SKU-05";"2023-08-02";"214";"Unite"
"SKU-02";"2023-08-02";"335";"Unite"
"SKU-01";"2023-08-02";"392";"Unite"
"SKU-03";"2023-08-03";"285";"Unite"
"SKU-04";"2023-08-03";"202";"Unite"
"SKU-05";"2023-08-03";"255";"Unite"
"SKU-02";"2023-08-03";"308";"Unite"
"SKU-01";"2023-08-03";"650";"Unite"
"SKU-03";"2023-08-06";"253";"Unite"
"SKU-04";"2023-08-06";"171";"Unite"
"SKU-05";"2023-08-06";"218";"Unite"
"SKU-02";"2023-08-06";"408";"Unite"
"SKU-01";"2023-08-06";"531";"Unite"
"SKU-03";"2023-08-07";"305";"Unite"
"SKU-04";"2023-08-07";"111";"Unite"
"SKU-05";"2023-08-07";"196";"Unite"
"SKU-02";"2023-08-07";"379";"Unite"
"SKU-01";"2023-08-07";"516";"Unite"
"SKU-03";"2023-08-08";"254";"Unite"
"SKU-04";"2023-08-08";"186";"Unite"
"SKU-05";"2023-08-08";"232";"Unite"
"SKU-02";"2023-08-08";"339";"Unite"
"SKU-01";"2023-08-08";"563";"Unite"
"SKU-03";"2023-08-09";"266";"Unite"
"SKU-04";"2023-08-09";"188";"Unite"
"SKU-05";"2023-08-09";"328";"Unite"
"SKU-02";"2023-08-09";"383";"Unite"
"SKU-01";"2023-08-09";"508";"Unite"
